arquivo,periodo_num,periodo,slug,titulo,autor,data_obra,licenca,credito,largura,altura,original_wxh,arquivo_commons,pagina_commons,resolvido_via,descricao
00-pre-historia_altamira-bisao.jpg,00,pre-historia,altamira-bisao,Bisão da Caverna de Altamira,Museo de Altamira y D. Rodríguez,2010-11-15 18:55:23,CC BY-SA 3.0,National Museum and Research Center of Altamira,1181,789,1181x789,9_Bisonte_Magdaleniense_polícromo.jpg,https://commons.wikimedia.org/wiki/File:9_Bisonte_Magdaleniense_pol%C3%ADcromo.jpg,wiki,Bison Magdalenian polychrome
00-pre-historia_bhimbetka.jpg,00,pre-historia,bhimbetka,Abrigos rupestres de Bhimbetka,Bernard Gagnon,2013-12-04,CC BY-SA 3.0,Own work,2000,1333,5184x3456,"Rock_Shelter_8,_Bhimbetka_02.jpg","https://commons.wikimedia.org/wiki/File:Rock_Shelter_8,_Bhimbetka_02.jpg",wiki,"Paintings in Rock Shelter 8, Bhimbetka, India"
00-pre-historia_chauvet-cavalos.jpg,00,pre-historia,chauvet-cavalos,Cavalos da Caverna de Chauvet,HTO,2009-05-22,Public domain,Self-photographed,1824,1840,1824x1840,Paintings_from_the_Chauvet_cave_(museum_replica).jpg,https://commons.wikimedia.org/wiki/File:Paintings_from_the_Chauvet_cave_(museum_replica).jpg,wiki,"Replica of the painting from the Chauvet cave, in the Anthropos museum, Brno. The original art is approximately 31,000 years old, probably Aurignacien. The group of horses probably does not picture a herd of them, but some kind of etiological study, showing, from left to right, calmness, aggression, sleep and grazing."
00-pre-historia_cueva-de-las-manos.jpg,00,pre-historia,cueva-de-las-manos,Cueva de las Manos (Argentina),Mariano,2005-08-12,Public domain,Own work,1600,1200,1600x1200,SantaCruz-CuevaManos-P2210651b.jpg,https://commons.wikimedia.org/wiki/File:SantaCruz-CuevaManos-P2210651b.jpg,wiki,"Hands at the Cuevas de las Manos upon Río Pinturas , near the town of Perito Moreno in Santa Cruz Province , Argentina . Picture taken by me in 2005."
00-pre-historia_gobekli-tepe.jpg,00,pre-historia,gobekli-tepe,Göbekli Tepe,Teomancimit,2011-09-06,CC BY-SA 3.0,Own work,2000,1328,4288x2848,"Göbekli_Tepe,_Urfa.jpg","https://commons.wikimedia.org/wiki/File:G%C3%B6bekli_Tepe,_Urfa.jpg",wiki,"Göbekli Tepe, Şanlıurfa"
00-pre-historia_homem-leao.jpg,00,pre-historia,homem-leao,Homem-Leão de Hohlenstein-Stadel,Dagmar Hollmann,2013-11-15,CC BY-SA 4.0,Own work,2218,3944,2218x3944,Loewenmensch1.jpg,https://commons.wikimedia.org/wiki/File:Loewenmensch1.jpg,wiki,"The lion man from the Stadel Cave in Hohlenstein, Lonetal."
00-pre-historia_laas-geel.jpg,00,pre-historia,laas-geel,Arte rupestre de Laas Geel (Chifre da África),Mheidegger,2024-02-23 15:52:08,CC BY 4.0,Own work,2000,1334,7952x5304,"Laas Geel, 2024.jpg","https://commons.wikimedia.org/wiki/File:Laas_Geel,_2024.jpg",search,Laas Geel
00-pre-historia_lascaux-touros.jpg,00,pre-historia,lascaux-touros,Pinturas rupestres de Lascaux (Salão dos Touros),EU,February 2006,Public domain,Own work,720,472,720x472,Lascaux_painting.jpg,https://commons.wikimedia.org/wiki/File:Lascaux_painting.jpg,wiki,"Aurochs, horses and deer painted on a cave"
00-pre-historia_newgrange.jpg,00,pre-historia,newgrange,Newgrange,Tjp finn,2016-08-26 17:55:18,CC BY-SA 4.0,Own work,3264,2448,3264x2448,Irelands_history.jpg,https://commons.wikimedia.org/wiki/File:Irelands_history.jpg,wiki,A front view of the Newgrange monument taken from outside the grounds
00-pre-historia_serra-da-capivara.jpg,00,pre-historia,serra-da-capivara,Pinturas rupestres da Serra da Capivara,Unknown author,2013-12-02 00:11:45,CC BY-SA 3.0,This file was derived from: Serra da Capivara - Several Paintings 2.jpg,2295,1512,2295x1512,Serra da Capivara - Several Paintings 2b.jpg,https://commons.wikimedia.org/wiki/File:Serra_da_Capivara_-_Several_Paintings_2b.jpg,search,Pictograms in a cave in the Serra da Capivara
00-pre-historia_stonehenge.jpg,00,pre-historia,stonehenge,Stonehenge,garethwiscombe,2007-07-30,CC BY 2.0,https://www.flickr.com/photos/garethwiscombe/1071477228/in/photostream/,2816,2112,2816x2112,Stonehenge2007_07_30.jpg,https://commons.wikimedia.org/wiki/File:Stonehenge2007_07_30.jpg,wiki,Stonehenge
00-pre-historia_venus-de-laussel.jpg,00,pre-historia,venus-de-laussel,Vênus de Laussel,"photo 120 , œuvre dont l'auteur est mort depuis environ 25 000 ans",2008-09,CC BY 3.0,Own work,1000,1379,1000x1379,Venus-de-Laussel-vue-generale-noir.jpg,https://commons.wikimedia.org/wiki/File:Venus-de-Laussel-vue-generale-noir.jpg,wiki,"Prehistoric statue, the Venus of Laussel, carved 18 to 20,000 years ago. Picture of the original kept in Bordeaux museum, France (black background)"
00-pre-historia_venus-de-willendorf.jpg,00,pre-historia,venus-de-willendorf,Vênus de Willendorf,User:MatthiasKabel,2007-01-01,CC BY 2.5,Own work,1428,2684,1428x2684,Venus_von_Willendorf_01.jpg,https://commons.wikimedia.org/wiki/File:Venus_von_Willendorf_01.jpg,wiki,Venus von Willendorf
01-oriente-proximo_abu-simbel.jpg,01,oriente-proximo,abu-simbel,Templos de Abu Simbel,youssef_alam,23 September 2009 (original upload date),CC BY 3.0,https://web.archive.org/web/20161013233830/http://www.panoramio.com/photo/27079522,2268,1701,2268x1701,"Ramsis,_Aswan_Governorate,_Egypt_-_panoramio.jpg","https://commons.wikimedia.org/wiki/File:Ramsis,_Aswan_Governorate,_Egypt_-_panoramio.jpg",wiki,"Ramsis, Aswan Governorate, Egypt"
01-oriente-proximo_afresco-de-nebamum.jpg,01,oriente-proximo,afresco-de-nebamum,Pintura da tumba de Nebamum (caça nos pântanos),anonymous,"between circa 1390 and circa 1350 BC date QS:P,-1350-00-00T00:00:00Z/7,P1319,-1390-00-00T00:00:00Z/9,P1326,-1350-00-00T00:00:00Z/9,P1480,Q5727902 Egyptian Empire (circa 1550 BC date QS:P,-1550-00-00T00:00:00Z/9,P1480,Q5727902 –1070 BC date QS:P,-1070-00-00T00:00:00Z/9 )",Public domain,The Open University,2200,1874,2200x1874,Tomb of Nebamun.jpg,https://commons.wikimedia.org/wiki/File:Tomb_of_Nebamun.jpg,search,"Hunting in the papyrus thicket; excerpt from a mural in the tomb of Nabamun in Thebes-West, today in the British Museum, tempera on plaster, height 81cm, 18. Dynasty, before 1350 BC Chr."
01-oriente-proximo_busto-de-nefertiti.jpg,01,oriente-proximo,busto-de-nefertiti,Busto de Nefertiti,Philip Pikart,2009-11-08 14:47,CC BY-SA 3.0,Own work,1282,1877,1282x1877,Nofretete_Neues_Museum.jpg,https://commons.wikimedia.org/wiki/File:Nofretete_Neues_Museum.jpg,wiki,"Picture of the Nefertiti bust in Neues Museum , Berlin."
01-oriente-proximo_cacada-leoes-assurbanipal.jpg,01,oriente-proximo,cacada-leoes-assurbanipal,Caçada aos Leões de Assurbanípal,"Carole Raddato from FRANKFURT, Germany",2018-11-18 12:49,CC BY-SA 2.0,"Exhibition: I am Ashurbanipal king of the world, king of Assyria, British Museum",2000,1325,4928x3264,"Exhibition_I_am_Ashurbanipal_king_of_the_world,_king_of_Assyria,_British_Museum_(45972455081).jpg","https://commons.wikimedia.org/wiki/File:Exhibition_I_am_Ashurbanipal_king_of_the_world,_king_of_Assyria,_British_Museum_(45972455081).jpg",wiki,"Exhibition: I am Ashurbanipal king of the world, king of Assyria, British Museum"
01-oriente-proximo_cilindro-de-ciro.jpg,01,oriente-proximo,cilindro-de-ciro,Cilindro de Ciro,Prioryman,2012-05-26,CC BY-SA 3.0,Own work,2968,1788,2968x1788,Cyrus_Cylinder_front.jpg,https://commons.wikimedia.org/wiki/File:Cyrus_Cylinder_front.jpg,wiki,Front of the Cyrus Cylinder. Can be seen in The British Museum
01-oriente-proximo_codigo-de-hamurabi.jpg,01,oriente-proximo,codigo-de-hamurabi,Estela do Código de Hamurabi,Mbzt,2011,CC BY 3.0,Own work,1215,2000,1215x2000,P1050763_Louvre_code_Hammurabi_face_rwk.JPG,https://commons.wikimedia.org/wiki/File:P1050763_Louvre_code_Hammurabi_face_rwk.JPG,wiki,"Code de Hammurabi, roi de Babylone ; face avant."
01-oriente-proximo_escriba-sentado.jpg,01,oriente-proximo,escriba-sentado,Escriba Sentado,Rama,"Taken on 26 May 2018, 11:09 (according to Exif data)",CC BY-SA 3.0 fr,Own work,2000,2000,5000x5000,The seated scribe-E 3023-IMG 4267-gradient-contrast.jpg,https://commons.wikimedia.org/wiki/File:The_seated_scribe-E_3023-IMG_4267-gradient-contrast.jpg,search,پیکر کاتب نشسته-از تندیس های غیر آیینی مصر که در زمان خفرن پادشاه سلسله کهن ساخته شده
01-oriente-proximo_esfinge-de-gize.jpg,01,oriente-proximo,esfinge-de-gize,Grande Esfinge de Gizé,Hesham Ebaid,2017-02-02 22:08:52,CC0,Own work,2000,1242,3872x2404,Sphinx_with_the_third_pyramid.jpg,https://commons.wikimedia.org/wiki/File:Sphinx_with_the_third_pyramid.jpg,wiki,"A sphinx (Ancient Greek: Σφίγξ [spʰíŋks], Boeotian: Φίξ [pʰíːks], plural sphinges) is a mythical creature with the head of a human and the body of a lion. In Greek tradition, it has the head of a human, the haunches of a lion, and sometimes the wings of a bird. It is mythicised as treacherous and merciless. Those who cannot answer its riddle suffer a fate typical in such mythological stories, as t"
01-oriente-proximo_estandarte-de-ur.jpg,01,oriente-proximo,estandarte-de-ur,Estandarte de Ur,Denis Bourez from France,2013-04-27 12:59,CC BY 2.0,"British Museum, London Uploaded by SunOfErat",2000,1500,4288x3216,"Denis_Bourez_-_British_Museum,_London_(8747049029)_(2).jpg","https://commons.wikimedia.org/wiki/File:Denis_Bourez_-_British_Museum,_London_(8747049029)_(2).jpg",wiki,"Standard of Ur, British Museum, London."
01-oriente-proximo_estela-dos-abutres.jpg,01,oriente-proximo,estela-dos-abutres,Estela dos Abutres,"Ernest de Sarzec - Choquin de Sarzec, Ernest (1832-1901)",1886-01-01,Public domain,Découvertes en Chaldée Published in 1886,1079,573,1079x573,Stele of the vultures (vultures detail).jpg,https://commons.wikimedia.org/wiki/File:Stele_of_the_vultures_(vultures_detail).jpg,search,Stele of the vultures (vultures detail)
01-oriente-proximo_estela-naram-sin.jpg,01,oriente-proximo,estela-naram-sin,Estela da Vitória de Naram-Sin,Shonagon,2022-09-27,CC0,Own work,2340,4032,2340x4032,Stèle_de_Naram-Sin_-_Musée_du_Louvre_Antiquités_orientales_SB_4_;_AS_6065.jpg,https://commons.wikimedia.org/wiki/File:St%C3%A8le_de_Naram-Sin_-_Mus%C3%A9e_du_Louvre_Antiquit%C3%A9s_orientales_SB_4_;_AS_6065.jpg,wiki,
01-oriente-proximo_gudea.jpg,01,oriente-proximo,gudea,Estátua de Gudea de Lagash,Jastrow,2011,Public domain,Own work,2600,3900,2600x3900,Gudea_of_Lagash_Girsu.jpg,https://commons.wikimedia.org/wiki/File:Gudea_of_Lagash_Girsu.jpg,wiki,"Statue of Gudea I, dedicated to the god Ningishzida; 2120 BC (the Neo-Sumerian period); diorite; height: 46 cm, width: 33 cm, depth: 22.5 cm; Louvre"
01-oriente-proximo_lamassu.jpg,01,oriente-proximo,lamassu,Lamassu (touro alado assírio),MohammadHuzam,2018-02-06 11:04:57,CC BY-SA 4.0,Own work,2000,1125,5312x2988,Iraqi_Museum.jpg,https://commons.wikimedia.org/wiki/File:Iraqi_Museum.jpg,wiki,"Assyrian Hall at the Iraqi Museum, Baghdad, Iraq"
01-oriente-proximo_mascara-de-tutancamon.jpg,01,oriente-proximo,mascara-de-tutancamon,Máscara de Tutancâmon,Roland Unger,2016-01-01,Public domain,Own work,1600,2000,1600x2000,CairoEgMuseumTaaMaskMostlyPhotographed.jpg,https://commons.wikimedia.org/wiki/File:CairoEgMuseumTaaMaskMostlyPhotographed.jpg,wiki,"Since January 1, 2016 it is possible again to take photographs in the Egyptian Museum in Cairo. The funerary mask of Tutankhamun is certainly the most demanded exhibit."
01-oriente-proximo_paleta-de-narmer.jpg,01,oriente-proximo,paleta-de-narmer,Paleta de Narmer,anonymous,"between circa 31 st century and circa 30 th century BC Early Dynastic Period of Egypt (3032 BC date QS:P,-3032-00-00T00:00:00Z/9 –2707 BC date QS:P,-2707-00-00T00:00:00Z/9 ) / First Dynasty of Egypt (3150 BC date QS:P,-3150-00-00T00:00:00Z/9 –circa 2890 BC date QS:P,-2890-00-00T00:00:00Z/9,P1480,Q5727902 ) / Predynastic Period of Egypt (65 th century BC date QS:P,-6450-00-00T00:00:00Z/7 –circa 3100 BC date QS:P,-3100-00-00T00:00:00Z/9,P1480,Q5727902 )",Public domain,http://www.studyblue.com/notes/note/n/art-midterm/deck/1189362,2566,1808,2566x1808,Narmer_Palette.jpg,https://commons.wikimedia.org/wiki/File:Narmer_Palette.jpg,wiki,The Narmer Palette
01-oriente-proximo_papiro-de-ani.jpg,01,oriente-proximo,papiro-de-ani,Papiro de Ani (Livro dos Mortos),Photographed by the British Museum; original artist unknown,Photograph published 2001; artwork created c. 1300 BC,Public domain,Eternal Egypt: Masterworks of Ancient Art from the British Museum by Edna R. Russmann,3364,1732,3364x1732,BD_Weighing_of_the_Heart.jpg,https://commons.wikimedia.org/wiki/File:BD_Weighing_of_the_Heart.jpg,wiki,"The Weighing of the Heart from the Book of the Dead of Ani. At left, Ani and his wife Tutu enter the assemblage of gods. At center, Anubis weighs Ani's heart against the feather of Maat, observed by the goddesses Renenutet and Meshkenet, the god Shay, and Ani's own ba . At right, the monster Ammut, who will devour Ani's soul if he is unworthy, awaits the verdict, while the god Thoth prepares to re"
01-oriente-proximo_pedra-de-roseta.jpg,01,oriente-proximo,pedra-de-roseta,Pedra de Roseta,Hans Hillewaert,21 November 2007,CC BY-SA 4.0,Own work,3665,4288,3665x4288,Rosetta_Stone.JPG,https://commons.wikimedia.org/wiki/File:Rosetta_Stone.JPG,wiki,The Rosetta Stone in the British Museum .
01-oriente-proximo_persepolis.jpg,01,oriente-proximo,persepolis,Relevos de Persépolis (Apadana),Diego Delso,2016-09-24 11:02:55,CC BY-SA 4.0,Own work,2000,1503,6961x5231,"Persépolis, Irán, 2016-09-24, DD 53.jpg","https://commons.wikimedia.org/wiki/File:Pers%C3%A9polis,_Ir%C3%A1n,_2016-09-24,_DD_53.jpg",search,This is a photo of a monument in Iran identified by the ID
01-oriente-proximo_piramides-de-gize.jpg,01,oriente-proximo,piramides-de-gize,Pirâmides de Gizé,KennyOMG,2009-07-31,CC BY-SA 4.0,Own work,2000,833,10104x4210,Pyramids_of_the_Giza_Necropolis.jpg,https://commons.wikimedia.org/wiki/File:Pyramids_of_the_Giza_Necropolis.jpg,wiki,Pyramids of the Giza Necropolis .
01-oriente-proximo_portao-de-ishtar.jpg,01,oriente-proximo,portao-de-ishtar,Portão de Ishtar,LBM1948,2015-06-20 16:04:34,CC BY-SA 4.0,Own work,3628,2256,3628x2256,"Berlín,_Museo_de_Pérgamo_05.jpg","https://commons.wikimedia.org/wiki/File:Berl%C3%ADn,_Museo_de_P%C3%A9rgamo_05.jpg",wiki,"The Ishtar Gate; Pergamon Museum. Berlin, Germany"
01-oriente-proximo_rainha-da-noite.jpg,01,oriente-proximo,rainha-da-noite,Relevo Burney (Rainha da Noite),Gennadii Saus i Segura,2022-12-18,CC BY-SA 4.0,Own work,2000,2666,7501x10000,Relieve_Reina_de_la_Noche_(ca._1800_a.C).jpg,https://commons.wikimedia.org/wiki/File:Relieve_Reina_de_la_Noche_(ca._1800_a.C).jpg,wiki,Relieve Reina de la Noche (ca. 1800 a.C)
01-oriente-proximo_relevo-de-laquis.jpg,01,oriente-proximo,relevo-de-laquis,Relevo do Cerco de Laquis,Photograph by Mike Peel ( www.mikepeel.net ).,2010-09-12,CC BY-SA 4.0,Own work,2592,3888,2592x3888,"Lachish Relief, British Museum 6.jpg","https://commons.wikimedia.org/wiki/File:Lachish_Relief,_British_Museum_6.jpg",search,
01-oriente-proximo_sarcofago-de-ahiram.jpg,01,oriente-proximo,sarcofago-de-ahiram,Sarcófago de Ahiram (alfabeto fenício),"Matson Photo Service, photographer, published in 1936",1936-08,Public domain,This image is available from the United States Library of Congress 's Prints and Photographs division under the digital ID matpc.03491 . This tag does not indicate the copyright status of the attached work. A normal copyright tag is still required. See Commons:Licensing .,2000,1380,5299x3656,Ahiram_sarcophag_from_Biblos_XIII-XBC.jpg,https://commons.wikimedia.org/wiki/File:Ahiram_sarcophag_from_Biblos_XIII-XBC.jpg,wiki,"Sarcophagus of Ahiram, King of Biblos (Phoenicia) in XIII-X c. BC. Kept in Beirut National Museum. Sarcophagus made in around 1000 BC."
01-oriente-proximo_tabua-do-diluvio.jpg,01,oriente-proximo,tabua-do-diluvio,Tábua do Dilúvio (Épico de Gilgamesh),Photograph by Mike Peel ( www.mikepeel.net ).,2010-06-27,CC BY-SA 4.0,Own work,2493,2686,2493x2686,British Museum Flood Tablet 1.jpg,https://commons.wikimedia.org/wiki/File:British_Museum_Flood_Tablet_1.jpg,search,"""The Flood Tablet. This is perhaps the most famous of all cuneiform tablets. It is the eleventh tablet of the Gilgamesh Epic, and describes how the gods sent a flood to destroy the world. Like Noah, Utnapishtim was forewarned and built an ark to house and preserve living things. After the flood he sent out birds to look for dry land. ME K 3375."" In the British Museum ."
01-oriente-proximo_ziggurat-de-ur.jpg,01,oriente-proximo,ziggurat-de-ur,Zigurate de Ur,Tla2006 at English Wikipedia,8 July 2006 (original upload date),Public domain,Transferred from en.wikipedia to Commons.,3366,1468,3366x1468,Ziggarat_of_Ur_001.jpg,https://commons.wikimedia.org/wiki/File:Ziggarat_of_Ur_001.jpg,wiki,Original photo taken 1 July 2006.
02-grecia_afresco-touros-cnossos.jpg,02,grecia,afresco-touros-cnossos,"Afresco da Tauromaquia (Cnossos, minoico)",Gleb Simonov,2024-01-30,Public domain,Own work,2000,1078,7008x3776,Knossos_bull_leaping_fresco.jpg,https://commons.wikimedia.org/wiki/File:Knossos_bull_leaping_fresco.jpg,wiki,Knossos bull leaping fresco
02-grecia_anfora-de-exequias.jpg,02,grecia,anfora-de-exequias,Ânfora de Exéquias (Aquiles e Ájax jogando dados),Daderot,2019-04-06 04:48:03,Public domain,Own work,3648,5472,3648x5472,"Achilles and Ajax playing dice, Attic black-figured amphora, signed by Exekias as both painter and potter, 540-530 BC, inv. 16757 - Museo Gregoriano Etrusco - Vatican Museums - DSC01049.jpg","https://commons.wikimedia.org/wiki/File:Achilles_and_Ajax_playing_dice,_Attic_black-figured_amphora,_signed_by_Exekias_as_both_painter_and_potter,_540-530_BC,_inv._16757_-_Museo_Gregoriano_Etrusco_-_Vatican_Museums_-_DSC01049.jpg",search,Exhibit in the Museo Gregoriano Etrusco - Vatican Museums.
02-grecia_auriga-de-delfos.jpg,02,grecia,auriga-de-delfos,Auriga de Delfos,Gunnar Bach Pedersen,2007-02,Public domain,Self-photographed,2288,1712,2288x1712,Vognstyreren-fra_Delfi2.jpg,https://commons.wikimedia.org/wiki/File:Vognstyreren-fra_Delfi2.jpg,wiki,Charioteer of Delphi
02-grecia_cratera-de-eufronios.jpg,02,grecia,cratera-de-eufronios,Cratera de Eufrônios,Sailko,2017-07-12 10:16:27,CC BY 3.0,Own work,1812,1852,1812x1852,"Eufronio,_cratere_modellato_da_euxitheos_con_morte_di_sarpedone,_520-510_ac_ca.,_dalla_necropoli_di_greppe_sant'angelo_01.jpg","https://commons.wikimedia.org/wiki/File:Eufronio,_cratere_modellato_da_euxitheos_con_morte_di_sarpedone,_520-510_ac_ca.,_dalla_necropoli_di_greppe_sant%27angelo_01.jpg",wiki,Euphronios krater in the National Archaeological Museum of Cerveteri
02-grecia_dama-de-auxerre.jpg,02,grecia,dama-de-auxerre,Dama de Auxerre,Unknown artist,2023-03-06 21:41:43,CC BY 2.5,This file was derived from: Lady of Auxerre Louvre Ma3098 n2.jpg,1150,1950,1150x1950,Dame_d'Auxerre_2.jpg,https://commons.wikimedia.org/wiki/File:Dame_d%27Auxerre_2.jpg,wiki,"So-called Lady of Auxerre, a female statuette in the Daedalic style. Limestone with incised decoration, formerly painted, ca. 640–630 BC, made in Crete?"
02-grecia_discobolo.jpg,02,grecia,discobolo,Discóbolo de Míron,No machine-readable author provided. MatthiasKabel assumed (based on copyright claims).,28 January 2006 (according to Exif data),CC BY 2.5,No machine-readable source provided. Own work assumed (based on copyright claims).,2030,3274,2030x3274,"Roman_bronze_copy_of_Myron’s_Discobolos,_2nd_century_CE_(Glyptothek_Munich).jpg","https://commons.wikimedia.org/wiki/File:Roman_bronze_copy_of_Myron%E2%80%99s_Discobolos,_2nd_century_CE_(Glyptothek_Munich).jpg",wiki,"Roman bronze reduction of Myron's Discobolos, 2nd century CE."
02-grecia_doriforo.jpg,02,grecia,doriforo,Doríforo de Policleto,Paolo Villa,2024-10-02 16:15:12,CC BY 4.0,This image has been extracted from another file,2000,3313,6641x11000,02_10_2024_Photo_Paolo_Villa-Napoli-mann-Museo_Archeologico-FO232526tris-Arte_Greca_copia_romana-Policleto_Doriforo_Polykleitos_Doryphoros_from_Pompeii-marmo_marble_carrara.jpg,https://commons.wikimedia.org/wiki/File:02_10_2024_Photo_Paolo_Villa-Napoli-mann-Museo_Archeologico-FO232526tris-Arte_Greca_copia_romana-Policleto_Doriforo_Polykleitos_Doryphoros_from_Pompeii-marmo_marble_carrara.jpg,wiki,02 10 2024 Photo Paolo Villa-Napoli-mann-Museo Archeologico-FO232526tris-Arte Greca copia romana-Policleto Doriforo Polykleitos Doryphoros from Pompeii-marmo marble carrara
02-grecia_friso-do-partenon.jpg,02,grecia,friso-do-partenon,Friso do Partenon (Mármores de Elgin),Sanjay ach,2023-06-30 16:44:10,CC BY-SA 4.0,Own work,2000,1677,4906x4113,Two horsemen South Frieze Parthenon.jpg,https://commons.wikimedia.org/wiki/File:Two_horsemen_South_Frieze_Parthenon.jpg,search,"Two horsemen wear a cloak (chlamys) pinned on one shoulder. They ride without stirrups, which had not been invented, or saddles. Drill-holes indicate where bronze reins and bridles were once attached. The flickering manes are a distinctive feature of these and other horses in the frieze. Picture taken at the British Museum, London, UK."
02-grecia_galata-moribundo.jpg,02,grecia,galata-moribundo,Gálata Moribundo,antmoose,2005-06-04,CC BY 2.0,[1],1458,1186,1458x1186,Dying_gaul.jpg,https://commons.wikimedia.org/wiki/File:Dying_gaul.jpg,wiki,"The Dying Gaul, or The Capitoline Gaul, a Roman marble copy of a Hellenistic work of the late 3rd century BCE Capitoline Museums, Rome"
02-grecia_kore-com-peplo.jpg,02,grecia,kore-com-peplo,Kore com Peplo,Unknown artist,circa 530 BC,CC BY-SA 2.5,"Marsyas, 06.04.2007",995,2676,995x2676,ACMA 679 Kore 1.JPG,https://commons.wikimedia.org/wiki/File:ACMA_679_Kore_1.JPG,search,Statue of a maiden. She wears a peplos over the chiton. Often attributed to the same sculptor of the Rampin Horseman. Missing left forearm and lower right corner of skirt with forepart of feet.
02-grecia_kouros-de-anavysos.jpg,02,grecia,kouros-de-anavysos,Kouros de Anavysos (Kroisos),Jebulon,2015-05-20,CC0,Own work,2714,4591,2714x4591,Kouros NAMA 3851 Athens Greece.jpg,https://commons.wikimedia.org/wiki/File:Kouros_NAMA_3851_Athens_Greece.jpg,search,"Kroisos Kouros. Parian marble. Found in Anavyssos, Attica. This is a funerary statue, found on the grave of Kroisos, as is indicated by the epigram on the base: Stop, and mourn at the grave of the dead Kroisos, whom the raging Ares destroyed when he fought among the defenders . Ca 530 BCE. N°3851"
02-grecia_laocoonte.jpg,02,grecia,laocoonte,Laocoonte e seus filhos,Wilfredor,2024-02-10 07:07:43,CC0,Own work,2000,2173,8744x9502,Laocoön_and_his_sons_group.jpg,https://commons.wikimedia.org/wiki/File:Laoco%C3%B6n_and_his_sons_group.jpg,wiki,Laocoön and his sons group
02-grecia_mascara-de-agamenon.jpg,02,grecia,mascara-de-agamenon,Máscara de Agamêmnon (micênica),Gleb Simonov,2024-01-23,Public domain,Own work,3455,3268,3455x3268,Athens_—_Mask_of_Agamemnon.jpg,https://commons.wikimedia.org/wiki/File:Athens_%E2%80%94_Mask_of_Agamemnon.jpg,wiki,Athens — Mask of Agamemnon
02-grecia_menino-de-kritios.jpg,02,grecia,menino-de-kritios,Menino de Kritios,Marsyas,2007-04-06,CC BY-SA 2.5,Own work,900,2098,900x2098,ACMA 698 Kritios boy 1.JPG,https://commons.wikimedia.org/wiki/File:ACMA_698_Kritios_boy_1.JPG,search,
02-grecia_mosaico-de-alexandre.jpg,02,grecia,mosaico-de-alexandre,Mosaico de Alexandre (Batalha de Isso),Unknown author,circa 100 BC,Public domain,"Self-photographed by Berthold Werner , Naples National Archaeological Museum , May 2013",3562,2133,3562x2133,Battle_of_Issus_mosaic_-_Museo_Archeologico_Nazionale_-_Naples_2013-05-16_16-25-06_BW.jpg,https://commons.wikimedia.org/wiki/File:Battle_of_Issus_mosaic_-_Museo_Archeologico_Nazionale_-_Naples_2013-05-16_16-25-06_BW.jpg,wiki,"Alexander Mosaic , House of the Faun , Pompeii"
02-grecia_partenon.jpg,02,grecia,partenon,Partenon (Acrópole de Atenas),Steve Swayne,1978-08-26 13:45:00,CC BY 2.0,"File:O Partenon de Atenas.jpg , originally posted to Flickr as The Parthenon Athens",1144,804,1144x804,The_Parthenon_in_Athens.jpg,https://commons.wikimedia.org/wiki/File:The_Parthenon_in_Athens.jpg,wiki,"Parthenon, Athens Greece. Photo taken in 1978."
02-grecia_vaso-francois.jpg,02,grecia,vaso-francois,Vaso François,Garcia091995,2017-12-14,CC BY-SA 4.0,Own work,924,899,924x899,"Kleitias e vasaio ergotimos, cratere françois, .jpg","https://commons.wikimedia.org/wiki/File:Kleitias_e_vasaio_ergotimos,_cratere_fran%C3%A7ois,_.jpg",search,Francois Vase
02-grecia_venus-de-milo.jpg,02,grecia,venus-de-milo,Vênus de Milo,Livioandronico2013,2016-10-24 16:56:33,CC BY-SA 4.0,Own work,3088,5808,3088x5808,Front_views_of_the_Venus_de_Milo.jpg,https://commons.wikimedia.org/wiki/File:Front_views_of_the_Venus_de_Milo.jpg,wiki,Front views of the Venus de Milo
02-grecia_vitoria-de-samotracia.jpg,02,grecia,vitoria-de-samotracia,Vitória Alada de Samotrácia,Shonagon,2018-12-08,CC0,Own work,3616,4800,3616x4800,Victoire_de_Samothrace_-_Musee_du_Louvre_-_20190812.jpg,https://commons.wikimedia.org/wiki/File:Victoire_de_Samothrace_-_Musee_du_Louvre_-_20190812.jpg,wiki,Victory of Samothrace
03-roma_ara-pacis.jpg,03,roma,ara-pacis,Ara Pacis Augustae,Rabax63,2017-11-17 12:01:29,CC BY-SA 4.0,Own work,2000,1274,5417x3450,Ara_Pacis_(SW).jpg,https://commons.wikimedia.org/wiki/File:Ara_Pacis_(SW).jpg,wiki,The front of the Ara Pacis Augustae
03-roma_arco-de-constantino.jpg,03,roma,arco-de-constantino,Arco de Constantino,NikonZ7II (Paris Orlando),Taken on 23 April 2022,CC BY-SA 4.0,Own work,2000,1688,6272x5292,"Arch_of_Constantine_(Rome)_-_South_side,_from_Via_triumphalis.jpg","https://commons.wikimedia.org/wiki/File:Arch_of_Constantine_(Rome)_-_South_side,_from_Via_triumphalis.jpg",wiki,"Arch of Constantine (Rome) - South side, from Via triumphalis"
03-roma_arco-de-tito.jpg,03,roma,arco-de-tito,Arco de Tito,Jebulon,2013-08-22,CC0,Own work,3315,3076,3315x3076,"Arch_Titus,_Forum_Romanum,_Rome,_Italy.jpg","https://commons.wikimedia.org/wiki/File:Arch_Titus,_Forum_Romanum,_Rome,_Italy.jpg",wiki,"Arch of Titus, Forum Romanum, Rome, Italy."
03-roma_augusto-de-prima-porta.jpg,03,roma,augusto-de-prima-porta,Augusto de Prima Porta,Justin Benttinen,2023-09-08 08:02:05,CC BY-SA 4.0,Own work,2000,3000,5437x8156,Augustus_of_Prima_Porta.jpg,https://commons.wikimedia.org/wiki/File:Augustus_of_Prima_Porta.jpg,wiki,Augustus of Prima Porta
03-roma_casal-pompeia.jpg,03,roma,casal-pompeia,Retrato de Terêncio Neo e sua esposa (Pompeia),Unknown author,1st century,Public domain,Unknown source,908,998,908x998,Pompeii-couple.jpg,https://commons.wikimedia.org/wiki/File:Pompeii-couple.jpg,wiki,
03-roma_coliseu.jpg,03,roma,coliseu,Coliseu,FeaturedPics,2020-10-28 18:05:47,CC BY-SA 4.0,Own work,2000,1401,12051x8442,Colosseo_2020.jpg,https://commons.wikimedia.org/wiki/File:Colosseo_2020.jpg,wiki,Colosseo 2020
03-roma_coloso-de-constantino.jpg,03,roma,coloso-de-constantino,Cabeça do Colosso de Constantino,unknown,"4 th century BC date QS:P571,-350-00-00T00:00:00Z/7",CC BY-SA 3.0,User:Jean-Pol GRANDMONT (2011),1875,2498,1875x2498,0 Constantinus I - Palazzo dei Conservatori (2) (cropped).JPG,https://commons.wikimedia.org/wiki/File:0_Constantinus_I_-_Palazzo_dei_Conservatori_(2)_(cropped).JPG,search,"Head of the colossal statue of Constantine I, Musei Capitolini, Rome. Marble, Roman artwork, 313–324 CE."
03-roma_coluna-de-trajano.jpg,03,roma,coluna-de-trajano,Coluna de Trajano,Livioandronico2013,2015-05-30 16:34:58,CC BY-SA 4.0,Own work,2340,5456,2340x5456,Trajan's_Column_HD.jpg,https://commons.wikimedia.org/wiki/File:Trajan%27s_Column_HD.jpg,wiki,Trajan's Column
03-roma_loba-capitolina.jpg,03,roma,loba-capitolina,Loba Capitolina,"Anonymous (bronze, Etruscan or medieval); photograph by Wilfredor",2024-09-18 13:59:17,CC0,Wilfredor,2000,1302,7489x4876,"Lupa_Capitolina,_Rome.jpg","https://commons.wikimedia.org/wiki/File:Lupa_Capitolina,_Rome.jpg",wiki,"Lupa Capitolina : she-wolf with Romulus and Remus. Bronze, 12th century AD [1] , 5th century BC (the twins are a 15th-century addition)."
03-roma_maison-carree.jpg,03,roma,maison-carree,Maison Carrée (Nîmes),Krzysztof Golik,2019-02-18 20:09:04,CC BY-SA 4.0,Own work,2000,1404,4626x3248,Maison Carree in Nimes (16).jpg,https://commons.wikimedia.org/wiki/File:Maison_Carree_in_Nimes_(16).jpg,search,"Maison Carrée in Nîmes, Gard, France"
03-roma_marco-aurelio-equestre.jpg,03,roma,marco-aurelio-equestre,Estátua equestre de Marco Aurélio,Berthold Werner,2007-05-20,Public domain,Own work,2195,1497,2195x1497,Marc Aurel Capitol Roma BW 1.JPG,https://commons.wikimedia.org/wiki/File:Marc_Aurel_Capitol_Roma_BW_1.JPG,search,"Reiterstandbild Marc Aurels, Kapitol, Rom"
03-roma_pantheon.jpg,03,roma,pantheon,Panteão de Roma,NikonZ7II,2022-03-27,CC BY-SA 4.0,Own work,2000,1610,7512x6048,Pantheon_(Rome)_-_Right_side_and_front.jpg,https://commons.wikimedia.org/wiki/File:Pantheon_(Rome)_-_Right_side_and_front.jpg,wiki,Pantheon (Rome) - Right side and front
03-roma_pont-du-gard.jpg,03,roma,pont-du-gard,Pont du Gard (aqueduto romano),Benh LIEU SONG ( Flickr ),2014-06-11 20:05:40,CC BY-SA 3.0,Pont du Gard,2000,772,12648x4882,Pont_du_Gard_BLS.jpg,https://commons.wikimedia.org/wiki/File:Pont_du_Gard_BLS.jpg,wiki,"Pont du Gard , in Vers-Pont-du-Gard, Gard department, South France. The Pont du Gard is the most famous part of the roman aqueduct which carried water from Uzès to Nîmes until roughly the 9th century when maintenance was abandoned. The monument is 49m high and now 275m long (it was 360m when intact) at its top. It's the highest roman aqueduct, but also one of the best preserved (with the aqueduct "
03-roma_retrato-de-faium.jpg,03,roma,retrato-de-faium,Retratos de Faium,Unknown author,"between 100 and 150 date QS:P,+150-00-00T00:00:00Z/7,P1319,+0100-00-00T00:00:00Z/9,P1326,+0150-00-00T00:00:00Z/9",Public domain,"Self-scanned by Eloquence ( talk · contribs ), November 2004",704,1260,704x1260,Fayum-34.jpg,https://commons.wikimedia.org/wiki/File:Fayum-34.jpg,wiki,
03-roma_tetrarcas.jpg,03,roma,tetrarcas,Retrato dos Quatro Tetrarcas,Nino Barbieri ( talk · contribs ),2019-11,Public domain,Own work,2048,3072,2048x3072,Venice_–_The_Tetrarchs_03.jpg,https://commons.wikimedia.org/wiki/File:Venice_%E2%80%93_The_Tetrarchs_03.jpg,wiki,"The Four Tetrarchs, a porphyry sculpture sacked from the Byzantine Philadelphion palace in 1204, on a corner of Saint Mark's in Venice, next to the ""Porta della Carta"""
03-roma_villa-dos-misterios.jpg,03,roma,villa-dos-misterios,Afrescos da Villa dos Mistérios (Pompeia),MentNFG,2024-02-07 11:15:26,CC BY-SA 4.0,Own work,2000,1333,6000x4000,Villa dei Misteri 24 (001).jpg,https://commons.wikimedia.org/wiki/File:Villa_dei_Misteri_24_(001).jpg,search,Affreschi
04-idade-media_alhambra.jpg,04,idade-media,alhambra,Alhambra (Granada),Jebulon,2014-08-06 20:55:20,CC0,Own work,2000,1331,4592x3056,Dawn_Charles_V_Palace_Alhambra_Granada_Andalusia_Spain.jpg,https://commons.wikimedia.org/wiki/File:Dawn_Charles_V_Palace_Alhambra_Granada_Andalusia_Spain.jpg,wiki,"Dawn on Charles V Palace in Alhambra , Granada , Andalusia ( Spain )."
04-idade-media_capela-de-aachen.jpg,04,idade-media,capela-de-aachen,Capela Palatina de Aachen (interior octogonal),"Heribert Pohl --- Thanks for half a million clicks! from Germering bei München, Bayern",2012-10-08 13:21,CC BY-SA 2.0,"Hohe Domkirche zu Aachen, Impressionen aus dem karolingischem Oktogon --- High Cathedral of Aachen, Impressions from the Carolingian octagon",1860,3136,1860x3136,"Hohe Domkirche zu Aachen, Impressionen aus dem karolingischem Oktogon --- High Cathedral of Aachen, Impressions from the Carolingian octagon (14328301875).jpg","https://commons.wikimedia.org/wiki/File:Hohe_Domkirche_zu_Aachen,_Impressionen_aus_dem_karolingischem_Oktogon_---_High_Cathedral_of_Aachen,_Impressions_from_the_Carolingian_octagon_(14328301875).jpg",search,"Das Herzstück des Doms ist das karolingische Oktogon, dass als Pfalzkapelle Kaiser Karls des Großen um 800 errichtet wurde. Vorbild waren byzantinische Kirchen wie San Vita in Ravenna oder die Kirche der Heiligen Sergios und Bakchos in Konstantinopel. The heart of the cathedral is the Carolingian octagon that was built around 800 as a palace chapel of Emperor Karl des Großen. It was modeled on Byz"
04-idade-media_catedral-de-chartres.jpg,04,idade-media,catedral-de-chartres,Catedral de Chartres,Olvr,2010-05-24,CC BY-SA 3.0,Own work,2437,1860,2437x1860,Notre_Dame_de_Chartres.jpg,https://commons.wikimedia.org/wiki/File:Notre_Dame_de_Chartres.jpg,wiki,"Chartres Cathedral , High Gothic - view from south-east"
04-idade-media_cristo-pantocrator.jpg,04,idade-media,cristo-pantocrator,"Cristo Pantocrator (mosaico da Deésis, Hagia Sophia)",Edal Anton Lefterov,2006-03-31,CC BY-SA 3.0,Own work,873,1000,873x1000,Jesus-Christ-from-Hagia-Sophia.jpg,https://commons.wikimedia.org/wiki/File:Jesus-Christ-from-Hagia-Sophia.jpg,wiki,"Jesus Christ - detail from Deesis mosaic, Hagia Sophia, Istanbul"
04-idade-media_danca-macabra.jpg,04,idade-media,danca-macabra,Dança Macabra (Danse Macabre),Michael Wolgemut,2010-11-10 08:16:30,Public domain,https://www.metmuseum.org/art/collection/search/390220,2074,1769,2074x1769,Nuremberg_chronicles_-_Dance_of_Death_(CCLXIIIIv).jpg,https://commons.wikimedia.org/wiki/File:Nuremberg_chronicles_-_Dance_of_Death_(CCLXIIIIv).jpg,wiki,"Illustrations from the Nuremberg Chronicle, by Hartmann Schedel (1440-1514)"
04-idade-media_domo-da-rocha.jpg,04,idade-media,domo-da-rocha,Domo da Rocha (Jerusalém),Godot13,2013-11-14 08:20:35,CC BY-SA 4.0,Own work,2000,1447,7500x5425,Jerusalem-2013(2)-Temple_Mount-Dome_of_the_Rock_(SE_exposure).jpg,https://commons.wikimedia.org/wiki/File:Jerusalem-2013(2)-Temple_Mount-Dome_of_the_Rock_(SE_exposure).jpg,wiki,"The Dome of the Rock (Arabic: مسجد قبة الصخرة‎, Hebrew: כיפת הסלע), on the Temple Mount in the Old City of Jerusalem ."
04-idade-media_duccio-maesta.jpg,04,idade-media,duccio-maesta,Maestà — Duccio di Buoninsegna,Duccio di Buoninsegna,1308-1311,Public domain,Self-scanned,2029,1000,2029x1000,Duccio_maesta1021.jpg,https://commons.wikimedia.org/wiki/File:Duccio_maesta1021.jpg,wiki,"Altarretabel des Sieneser Doms, Vorderseite, Haupttafel, Szene: Thronende Maria mit Kind, Engeln, Heiligen und Apostelfiguren in Arkaden"
04-idade-media_elmo-de-sutton-hoo.png,04,idade-media,elmo-de-sutton-hoo,Elmo de Sutton Hoo,user:Geni,2016-12-28,Public domain,"Self-photographed , user:geni",1949,2791,1949x2791,Sutton_Hoo_helmet_2016.png,https://commons.wikimedia.org/wiki/File:Sutton_Hoo_helmet_2016.png,wiki,Photo of the Sutton Hoo helmet from the front in 2015
04-idade-media_evangelhos-lindisfarne.jpg,04,idade-media,evangelhos-lindisfarne,Evangelhos de Lindisfarne,Eadfrith of Lindisfarne (presumed),"8 th century date QS:P,+750-00-00T00:00:00Z/7",Public domain,https://www.bl.uk/britishlibrary/~/media/bl/global/dst%20discovering%20sacred%20texts/collection%20items/lindisfarne-gospels-cotton_ms_nero_d_iv_f027.jpg,1266,1797,1266x1797,LindisfarneFol27rIncipitMatt.jpg,https://commons.wikimedia.org/wiki/File:LindisfarneFol27rIncipitMatt.jpg,wiki,"Folio 27r from the Lindisfarne Gospels , incipit to the Gospel of Matthew. The main text contains the first sentence of the Gospel According to Saint Matthew: ""Liber generationis Iesu Christi filii David filii Abraham"" (""The book of the generation of Jesus Christ, the son of David, the son of Abraham""). The first line contains the word ""liber"" (""the book"") with illuminated letters in insular majus"
04-idade-media_giotto-lamentacao.jpg,04,idade-media,giotto-lamentacao,A Lamentação — Giotto (Capela Scrovegni),Giotto,"between 1304 and 1306 date QS:P571,+1304-00-00T00:00:00Z/8,P1319,+1304-00-00T00:00:00Z/9,P1326,+1306-00-00T00:00:00Z/9",Public domain,"Web Gallery of Art : Image Info about artwork wga QS:P11807,""g/giotto/padova/3christ/scenes_4/chris20""",1000,925,1000x925,Giotto - Scrovegni - -36- - Lamentation (The Mourning of Christ) adj.jpg,https://commons.wikimedia.org/wiki/File:Giotto_-_Scrovegni_-_-36-_-_Lamentation_(The_Mourning_of_Christ)_adj.jpg,search,Lamentation of Christ
04-idade-media_hagia-sophia.jpg,04,idade-media,hagia-sophia,Hagia Sophia (Constantinopla),Adli Wahid,"31 August 2014, 23:31:32 (UTC)",CC BY-SA 3.0,Imported from 500px ( archived version ) by the Archive Team . ( detail page ),2048,1238,2048x1238,Hagia_Sophia_(228968325).jpeg,https://commons.wikimedia.org/wiki/File:Hagia_Sophia_(228968325).jpeg,wiki,Hagia Sophia
04-idade-media_joana-darc.jpg,04,idade-media,joana-darc,"Joana d'Arc (miniatura, séc. XV)",Anonymous (15th-century miniature),2021-06-14 13:03:27,Public domain,"Derived from original commons upload at which is now in the history version: 01:39, 13. 8. 2005 Colour-graded to reveal more detail using GIMP software ""curves"" tool",1812,2700,1812x2700,Joan_of_Arc_miniature_graded.jpg,https://commons.wikimedia.org/wiki/File:Joan_of_Arc_miniature_graded.jpg,wiki,"Joan of Arc depicted in an historiated initial. Miniature probably produced in the late 19th century by an anonymous artist, possibly the painter and collector Georges Spetz or the ""Spanish Forger"" - French National Archives, AE-II-2490."
04-idade-media_krak-des-chevaliers.jpg,04,idade-media,krak-des-chevaliers,Krak dos Cavaleiros (castelo cruzado),Gianfranco Gazzetti,2002,CC BY-SA 4.0,"6/KRAK_DES_CHEVALIERS_00 This file was provided to Wikimedia Commons by the Gruppo Archeologico Romano as part of the cooperation project Connected Open Heritage with Wikimedia Italia . This file was made available by Gruppo Archeologico Romano as part of the Connected Open Heritage project. The project is led by Wikimedia Sverige in cooperation with UNESCO, Wikimedia Italia and Cultural Heritage without Borders and is financed by a project grant from the Culture Foundation of the Swedish Postcode Lottery .",2000,1340,6532x4376,KRAK_DES_CHEVALIERS_-_GAR_-_6-00.jpg,https://commons.wikimedia.org/wiki/File:KRAK_DES_CHEVALIERS_-_GAR_-_6-00.jpg,wiki,"General view, Krak des Chevaliers in 2002"
04-idade-media_livro-de-kells.jpg,04,idade-media,livro-de-kells,Livro de Kells,Unattributed,circa 750–early 9th century,Public domain,"Scanned from Treasures of Irish Art, 1500 B.C. to 1500 a.D. : From the Collections of the National Museum of Ireland, Royal Irish Academy, & Trinity College, Dublin, Metropolitan Museum of Art & Alfred A. Knopf, New York, 1977, ISBN 0394428072 Digital Collections, The Library of Trinity College Dublin: Book of Kells. IE TCD MS 58 Fol. 32v . digitalcollections.tcd.ie . Trinity College Dublin, The University of Dublin. Retrieved on 19 December 2023 . Nees, Lawrence (2002) Early Medieval Art , Oxford History of Art, Oxford University Press, p. 145 ISBN : 978-0-19-284243-5 .",1484,1934,1484x1934,KellsFol032vChristEnthroned.jpg,https://commons.wikimedia.org/wiki/File:KellsFol032vChristEnthroned.jpg,wiki,"Book of Kells (an illuminated manuscript), Folio 32v, Christ Enthroned."
04-idade-media_magna-carta.jpg,04,idade-media,magna-carta,Magna Carta,Original authors were the barons and King John of England . Uploaded by Earthsound .,One of four known surviving 1215 exemplars of Magna Carta.,Public domain,"This file has been provided by the British Library from its digital collections. Links to the British Library's website may be broken as the library recovers from a October 2023 cyber attack, and will be updated once material becomes accessible online. For more information on the attack see: https://www.bl.uk/about/cyber-attack It is also made available on a British Library website . Catalogue entry: Cotton MS Augustus II 106",2000,1333,7200x4800,Magna_Carta_(British_Library_Cotton_MS_Augustus_II.106).jpg,https://commons.wikimedia.org/wiki/File:Magna_Carta_(British_Library_Cotton_MS_Augustus_II.106).jpg,wiki,"The Magna Carta (originally known as the Charter of Liberties) of 1215, written in iron gall ink on parchment in medieval Latin, using standard abbreviations of the period, authenticated with the Great Seal of King John . The original wax seal was lost over the centuries . This document is held at the British Library and is identified as "" British Library Cotton MS Augustus II.106 ""."
04-idade-media_mesquita-de-cordoba.jpg,04,idade-media,mesquita-de-cordoba,Mesquita-Catedral de Córdoba,Toni Castillo Quero,2010-03-21 18:39:24,CC BY-SA 2.0,Flickr : [1],2000,1328,4288x2848,"Mezquita_de_Córdoba_desde_el_aire_(Córdoba,_España).jpg","https://commons.wikimedia.org/wiki/File:Mezquita_de_C%C3%B3rdoba_desde_el_aire_(C%C3%B3rdoba,_Espa%C3%B1a).jpg",wiki,"The Mezquita of Córdoba seen from the air (Córdoba, Spain)"
04-idade-media_mont-saint-michel.jpg,04,idade-media,mont-saint-michel,Mont-Saint-Michel,Amaustan,2018-09-09 07:53:44,CC BY-SA 4.0,Own work,2000,1125,4000x2250,Mont-Saint-Michel_vu_du_ciel.jpg,https://commons.wikimedia.org/wiki/File:Mont-Saint-Michel_vu_du_ciel.jpg,wiki,Le Mont-Saint-Michel vu du ciel au lever du soleil. Photo prise par un drone.
04-idade-media_mosaico-justiniano.jpg,04,idade-media,mosaico-justiniano,"Mosaico de Justiniano (San Vitale, Ravena)",Petar Milošević,2015-04-27 11:36:21,CC BY-SA 4.0,Own work,1500,1997,1500x1997,Mosaic of Justinianus I - Basilica San Vitale (Ravenna).jpg,https://commons.wikimedia.org/wiki/File:Mosaic_of_Justinianus_I_-_Basilica_San_Vitale_(Ravenna).jpg,override,San Vitale (Ravenna) - Mosaic of Iustinianus I
04-idade-media_mosaico-teodora.jpg,04,idade-media,mosaico-teodora,Mosaico da Imperatriz Teodora (San Vitale),Petar Milošević,2015-04-27 11:20:31,CC BY-SA 4.0,Own work,2528,3456,2528x3456,Theodora_mosaic_-_Basilica_San_Vitale_(Ravenna)_v2.jpg,https://commons.wikimedia.org/wiki/File:Theodora_mosaic_-_Basilica_San_Vitale_(Ravenna)_v2.jpg,wiki,"Mosaic of Theodora - Basilica of San Vitale (built A.D. 547), Italy. UNESCO World heritage site."
04-idade-media_navio-de-oseberg.jpg,04,idade-media,navio-de-oseberg,Navio de Oseberg (viking),Petter Ulleland,2016-11-30 14:29:57,CC BY-SA 4.0,Own work,2000,1436,4547x3264,Osebergskipet 2016.jpg,https://commons.wikimedia.org/wiki/File:Osebergskipet_2016.jpg,search,"The Oseberg ship on display at the Viking ship museum, Oslo."
04-idade-media_notre-dame-de-paris.jpg,04,idade-media,notre-dame-de-paris,Catedral de Notre-Dame de Paris,Ali Sabbagh,2017-10-04 20:36,CC0,Notre Dam De Paris,2000,1321,4938x3261,"Notre-Dame_de_Paris,_4_October_2017.jpg","https://commons.wikimedia.org/wiki/File:Notre-Dame_de_Paris,_4_October_2017.jpg",wiki,Notre Dame De Paris
04-idade-media_sainte-chapelle.jpg,04,idade-media,sainte-chapelle,Sainte-Chapelle (vitrais),Didier B ( Sam67fr ),2005-10-14,CC BY-SA 2.5,Own work,989,1961,989x1961,Sainte_Chapelle_-_Upper_level_1.jpg,https://commons.wikimedia.org/wiki/File:Sainte_Chapelle_-_Upper_level_1.jpg,wiki,"Sainte Chapelle - Upper Chapel, Paris, France"
04-idade-media_tapecaria-de-bayeux.png,04,idade-media,tapecaria-de-bayeux,Tapeçaria de Bayeux,"Anonymous (11th-century embroidery, Bayeux Tapestry)",2006-04-05 14:27:50,Public domain,"Public domain, via Wikimedia Commons",1500,1088,1500x1088,Odo_bayeux_tapestry.png,https://commons.wikimedia.org/wiki/File:Odo_bayeux_tapestry.png,wiki,
04-idade-media_tres-riches-heures.jpg,04,idade-media,tres-riches-heures,"Très Riches Heures du Duc de Berry (calendário, fevereiro)",Limbourg brothers,"between 1412 and 1416 date QS:P571,+1412-00-00T00:00:00Z/8,P1319,+1412-00-00T00:00:00Z/9,P1326,+1416-00-00T00:00:00Z/9",Public domain,R.M.N. / R.-G. Ojéda,1141,1899,1141x1899,Les Très Riches Heures du duc de Berry février.jpg,https://commons.wikimedia.org/wiki/File:Les_Tr%C3%A8s_Riches_Heures_du_duc_de_Berry_f%C3%A9vrier.jpg,override,"An enclosure surrounds a farm comprising a sheep pen and, on the right, four beehives and a dovecote. Inside the house, a woman and a couple of young man and young woman warm themselves in front of the fire. Outside, a man chops down a tree with an axe, bundles of sticks at his feet, while another gets ready to go inside while blowing on his hands to warm them. Further away, a third drives a donke"
05-idade-moderna_biblia-de-gutenberg.jpg,05,idade-moderna,biblia-de-gutenberg,Bíblia de Gutenberg,NYC Wanderer (Kevin Eng),2009-05-28 16:18:51,CC BY-SA 2.0,originally posted to Flickr as Gutenberg Bible,1920,1200,1920x1200,"Gutenberg_Bible,_Lenox_Copy,_New_York_Public_Library,_2009._Pic_01.jpg","https://commons.wikimedia.org/wiki/File:Gutenberg_Bible,_Lenox_Copy,_New_York_Public_Library,_2009._Pic_01.jpg",wiki,"The Gutenberg Bible [Bible, Latin Vulgate. Ca. 1455]. Biblia Latina. [Mainz: Johann Gutenberg, ca. 1455]. Rare Books Division. From the Lenox Library The first substantial printed book is this royal-folio two-volume Bible, comprising nearly 1,300 pages, printed in Mainz on the central Rhine by Johann Gutenberg (ca. 1390s-1468) in the 1450s. It was probably completed between March 1455 and November"
05-idade-moderna_caravaggio-sao-mateus.jpg,05,idade-moderna,caravaggio-sao-mateus,A Vocação de São Mateus — Caravaggio,Gleb Simonov,2024-01-18,CC0,Own work,2000,1889,8792x8304,Caravaggio_—_The_Calling_of_Saint_Matthew.jpg,https://commons.wikimedia.org/wiki/File:Caravaggio_%E2%80%94_The_Calling_of_Saint_Matthew.jpg,wiki,"The Calling of Saint Matthew, by Caravaggio"
05-idade-moderna_coalbrookdale-a-noite.jpg,05,idade-moderna,coalbrookdale-a-noite,Coalbrookdale à Noite — Loutherbourg (Rev. Industrial),Philip James de Loutherbourg,1801,Public domain,"Public domain, via Wikimedia Commons",2048,1309,2048x1309,Philipp_Jakob_Loutherbourg_d._J._002.jpg,https://commons.wikimedia.org/wiki/File:Philipp_Jakob_Loutherbourg_d._J._002.jpg,wiki,
05-idade-moderna_criacao-de-adao.jpg,05,idade-moderna,criacao-de-adao,A Criação de Adão — Michelangelo (Capela Sistina),Michelangelo,"circa 1511 date QS:P571,+1511-00-00T00:00:00Z/9,P1480,Q5727902",Public domain,See below.,3524,1599,3524x1599,Michelangelo_-_Creation_of_Adam_(cropped).jpg,https://commons.wikimedia.org/wiki/File:Michelangelo_-_Creation_of_Adam_(cropped).jpg,wiki,
05-idade-moderna_cupula-de-florenca.jpg,05,idade-moderna,cupula-de-florenca,Cúpula de Brunelleschi (Catedral de Florença),Gary Campbell-Hall,2015-09-09 16:59:21,CC BY 2.0,https://www.flickr.com/photos/garyullah/21208048669/,2000,1339,3872x2592,Cattedrale_di_Santa_Maria_del_Fiore_–_Il_Duomo_di_Firenze.jpg,https://commons.wikimedia.org/wiki/File:Cattedrale_di_Santa_Maria_del_Fiore_%E2%80%93_Il_Duomo_di_Firenze.jpg,wiki,Il Duomo di Firenze
05-idade-moderna_david-de-michelangelo.jpg,05,idade-moderna,david-de-michelangelo,David — Michelangelo,Jörg Bittner Unna,2016-07-28 12:38:59,CC BY 3.0,Own work,3260,4890,3260x4890,'David'_by_Michelangelo_Fir_JBU004.jpg,https://commons.wikimedia.org/wiki/File:%27David%27_by_Michelangelo_Fir_JBU004.jpg,wiki,"David by Michelangelo, Florence, Galleria dell'Accademia, 1501-1504"
05-idade-moderna_durer-autorretrato.jpg,05,idade-moderna,durer-autorretrato,Autorretrato (1500) — Albrecht Dürer,Albrecht Dürer,1500,Public domain,Alte Pinakothek,2128,3000,2128x3000,Dürer_Alte_Pinakothek.jpg,https://commons.wikimedia.org/wiki/File:D%C3%BCrer_Alte_Pinakothek.jpg,wiki,Frontal portrait with idealization comparable to depictions of Christ; emphasized gaze and the creative hand as tools of the artist
05-idade-moderna_escola-de-atenas.jpg,05,idade-moderna,escola-de-atenas,A Escola de Atenas — Rafael,Raphael,"1511 date QS:P571,+1511-00-00T00:00:00Z/9",Public domain,Stitched together from vatican.va,3820,2964,3820x2964,"""The_School_of_Athens""_by_Raffaello_Sanzio_da_Urbino.jpg",https://commons.wikimedia.org/wiki/File:%22The_School_of_Athens%22_by_Raffaello_Sanzio_da_Urbino.jpg,wiki,"Italian: Scuola di Atene The School of Athens title QS:P1476,it:""Scuola di Atene"" label QS:Lit,""Scuola di Atene"" label QS:Les,"" La escuela de Atenas "" label QS:Lfr,"" L'École d'Athènes "" label QS:Lar,"" مدرسة أثينا "" label QS:Len,"" The School of Athens "" label QS:Lel,"" Η Σχολή των Αθηνών """
05-idade-moderna_experimento-bomba-de-ar.jpg,05,idade-moderna,experimento-bomba-de-ar,Experiência com um Pássaro na Bomba de Ar — Wright,Joseph Wright of Derby,"1768 date QS:P571,+1768-00-00T00:00:00Z/9",Public domain,"National Gallery, London",2000,1499,5639x4226,"An_Experiment_on_a_Bird_in_an_Air_Pump_by_Joseph_Wright_of_Derby,_1768.jpg","https://commons.wikimedia.org/wiki/File:An_Experiment_on_a_Bird_in_an_Air_Pump_by_Joseph_Wright_of_Derby,_1768.jpg",wiki,
05-idade-moderna_galileu-galilei.jpg,05,idade-moderna,galileu-galilei,Retrato de Galileu Galilei — Sustermans,Justus Sustermans,"circa 1640 date QS:P571,+1640-00-00T00:00:00Z/9,P1480,Q5727902",Public domain,http://collections.rmg.co.uk/collections/objects/14174,2000,2540,2964x3765,Galileo_Galilei_(1564-1642)_RMG_BHC2700.tiff,https://commons.wikimedia.org/wiki/File:Galileo_Galilei_(1564-1642)_RMG_BHC2700.tiff,wiki,"Galileo Galilei (1564-1642) A half-length portrait, in old age, of the Italian mathematician, philosopher and astronomer, who was appointed court mathematician to the Medici dukes of Tuscany at Florence in 1610. He is dressed in black, wears a white beard and is seated in a chair holding a telescope in his right hand. His left hand rests on the arm of the chair and he wears a ring with a clear sto"
05-idade-moderna_homem-vitruviano.jpg,05,idade-moderna,homem-vitruviano,Homem Vitruviano — Leonardo da Vinci,Leonardo da Vinci,"circa 1492 date QS:P571,+1492-00-00T00:00:00Z/9,P1480,Q5727902",Public domain,"Leonardo Da Vinci - Photo from www.lucnix.be . 2007-09-08 (photograph). Photograpy: This image is the work of Luc Viatour Please credit it with: Luc Viatour / https://Lucnix.be in the immediate vicinity of the image. A link to my website https://lucnix.be is much appreciated but not mandatory. An email to Viatour Luc would be appreciated too. Do not copy this image illegally by ignoring the terms of the license below, as it is not in the public domain. If you would like special permission to use, license, or purchase the image please contact me Viatour Luc to negotiate terms. More free pictures in my personal gallery [Note: this is in the public domain, despite the photographer's contradictory claim. Any use is permissible, and no credit to the photographer is necessary.] Nikon case D80 optical Sigma 17-70mm F2,8/4,5 Macro",2258,3070,2258x3070,Da_Vinci_Vitruve_Luc_Viatour.jpg,https://commons.wikimedia.org/wiki/File:Da_Vinci_Vitruve_Luc_Viatour.jpg,wiki,Vitruvian Man
05-idade-moderna_juramento-dos-horacios.jpg,05,idade-moderna,juramento-dos-horacios,O Juramento dos Horácios — Jacques-Louis David,Jacques-Louis David,"between 1784 and 1785 date QS:P,+1784-00-00T00:00:00Z/8,P1319,+1784-00-00T00:00:00Z/9,P1326,+1785-00-00T00:00:00Z/9",Public domain,photo Shonagon 2025-03-15,2000,1551,10051x7794,Le_Serment_des_Horaces_-_Jacques-Louis_David_-_Musée_du_Louvre_Peintures_INV_3692_;_MR_1432.jpg,https://commons.wikimedia.org/wiki/File:Le_Serment_des_Horaces_-_Jacques-Louis_David_-_Mus%C3%A9e_du_Louvre_Peintures_INV_3692_;_MR_1432.jpg,wiki,
05-idade-moderna_las-meninas.jpg,05,idade-moderna,las-meninas,As Meninas — Velázquez,Diego Velázquez,"between 1656 and 1657 date QS:P571,+1656-00-00T00:00:00Z/8,P1319,+1656-00-00T00:00:00Z/9,P1326,+1657-00-00T00:00:00Z/9",Public domain,"The Prado in Google Earth: Home - 7 th level of zoom, JPEG compression quality: Photoshop 8.",2000,2302,26065x30000,"Las_Meninas,_by_Diego_Velázquez,_from_Prado_in_Google_Earth.jpg","https://commons.wikimedia.org/wiki/File:Las_Meninas,_by_Diego_Vel%C3%A1zquez,_from_Prado_in_Google_Earth.jpg",wiki,
05-idade-moderna_liberdade-guiando-o-povo.jpg,05,idade-moderna,liberdade-guiando-o-povo,A Liberdade Guiando o Povo — Delacroix,Eugène Delacroix,"between October 1830 and December 1830 date QS:P,+1830-00-00T00:00:00Z/9,P1319,+1830-10-00T00:00:00Z/10,P1326,+1830-12-00T00:00:00Z/10 Romanticism (second half of 18 th century date QS:P,+1750-00-00T00:00:00Z/7,P4241,Q40719707 –first half of 19 th century date QS:P,+1850-00-00T00:00:00Z/7,P4241,Q40719687 )",Public domain,photo Shonagon 2024-05-02,2000,1600,10128x8103,La_Liberté_guidant_le_peuple_-_Eugène_Delacroix_-_Musée_du_Louvre_Peintures_RF_129_-_après_restauration_2024.jpg,https://commons.wikimedia.org/wiki/File:La_Libert%C3%A9_guidant_le_peuple_-_Eug%C3%A8ne_Delacroix_-_Mus%C3%A9e_du_Louvre_Peintures_RF_129_-_apr%C3%A8s_restauration_2024.jpg,wiki,
05-idade-moderna_luis-xiv-rigaud.jpg,05,idade-moderna,luis-xiv-rigaud,Retrato de Luís XIV — Hyacinthe Rigaud,Hyacinthe Rigaud,"1701 date QS:P571,+1701-00-00T00:00:00Z/9",CC0,"Jebulon , Own work , 3 July 2011",2085,2704,2085x2704,Louis XIV Rigaud Condé Chantilly.jpg,https://commons.wikimedia.org/wiki/File:Louis_XIV_Rigaud_Cond%C3%A9_Chantilly.jpg,search,
05-idade-moderna_lutero-cranach.jpg,05,idade-moderna,lutero-cranach,"Retrato de Martinho Lutero — Cranach, o Velho",Lucas Cranach the Elder,"1528 date QS:P571,+1528-00-00T00:00:00Z/9",Public domain,GalleriX,2148,3400,2148x3400,"Lucas_Cranach_d.Ä._-_Martin_Luther,_1528_(Veste_Coburg).jpg","https://commons.wikimedia.org/wiki/File:Lucas_Cranach_d.%C3%84._-_Martin_Luther,_1528_(Veste_Coburg).jpg",wiki,
05-idade-moderna_mapa-waldseemuller.jpg,05,idade-moderna,mapa-waldseemuller,Mapa de Waldseemüller (1507),Martin Waldseemüller,1507,Public domain,https://www.loc.gov/resource/g3200.ct000725,2000,1107,13708x7590,Waldseemuller_map_2.jpg,https://commons.wikimedia.org/wiki/File:Waldseemuller_map_2.jpg,wiki,"Waldseemüller map from 1507 is the first map to include the name ""America"" and the first to depict the Americas as separate from Asia. There is only one surviving copy of the map, which was purchased by the Library of Congress in 2001 for $10 million."
05-idade-moderna_moca-com-brinco-perola.jpg,05,idade-moderna,moca-com-brinco-perola,Moça com Brinco de Pérola — Vermeer,Johannes Vermeer,1665,Public domain,https://www.mauritshuis.nl/,2000,2369,12285x14550,1665_Girl_with_a_Pearl_Earring.jpg,https://commons.wikimedia.org/wiki/File:1665_Girl_with_a_Pearl_Earring.jpg,wiki,Megapixel Girl with a Pearl Earring by Johannes Vermeer.
05-idade-moderna_mona-lisa.jpg,05,idade-moderna,mona-lisa,Mona Lisa — Leonardo da Vinci,Leonardo da Vinci,"between 1503 and 1506 date QS:P,+1503-00-00T00:00:00Z/8,P1319,+1503-00-00T00:00:00Z/9,P1326,+1506-00-00T00:00:00Z/9",Public domain,"Cropped and relevelled from File:Mona Lisa, by Leonardo da Vinci, from C2RMF.jpg . Originally C2RMF: Galerie de tableaux en très haute définition : image page",2000,2981,7479x11146,"Mona_Lisa,_by_Leonardo_da_Vinci,_from_C2RMF_retouched.jpg","https://commons.wikimedia.org/wiki/File:Mona_Lisa,_by_Leonardo_da_Vinci,_from_C2RMF_retouched.jpg",wiki,
05-idade-moderna_morte-de-marat.jpg,05,idade-moderna,morte-de-marat,A Morte de Marat — Jacques-Louis David,Jacques-Louis David,"1793 date QS:P571,+1793-00-00T00:00:00Z/9",Public domain,Google Art & Culture : upload by user FDRMRZUSA. Web Gallery of Art,2000,2574,4045x5205,Death_of_Marat_by_David.jpg,https://commons.wikimedia.org/wiki/File:Death_of_Marat_by_David.jpg,wiki,
05-idade-moderna_napoleao-cruzando-os-alpes.jpg,05,idade-moderna,napoleao-cruzando-os-alpes,Napoleão Cruzando os Alpes — David,Jacques-Louis David,1800,Public domain,kb.dk pic,3394,4134,3394x4134,David_-_Napoleon_crossing_the_Alps_-_Malmaison2.jpg,https://commons.wikimedia.org/wiki/File:David_-_Napoleon_crossing_the_Alps_-_Malmaison2.jpg,wiki,"Bonaparte has an orange cloak, the crispin (cuff) of his gauntlet is embroidered, the horse is piebald, black and white, and the tack is complete and includes a standing martingale. The girth around the horse's belly is a dark faded red. The officer holding a sabre in the background is obscured by the horse's tail. Napoleon's face appears youthful."
05-idade-moderna_nascimento-de-venus.jpg,05,idade-moderna,nascimento-de-venus,O Nascimento de Vênus — Botticelli,Sandro Botticelli,1485,Public domain,"Adjusted levels from File:Sandro Botticelli - La nascita di Venere - Google Art Project.jpg , originally from Google Art Project. Compression Photoshop level 9.",2000,1256,30000x18840,Sandro_Botticelli_-_La_nascita_di_Venere_-_Google_Art_Project_-_edited.jpg,https://commons.wikimedia.org/wiki/File:Sandro_Botticelli_-_La_nascita_di_Venere_-_Google_Art_Project_-_edited.jpg,wiki,"Depicts the goddess Venus, having emerged from the sea as a fully grown woman, arriving at the sea-shore. The seashell she stands on was a symbol in classical antiquity for a woman's vulva. Thought to be based in part on the Venus de' Medici , an ancient Greek marble sculpture of Aphrodite."
05-idade-moderna_noite-de-sao-bartolomeu.jpg,05,idade-moderna,noite-de-sao-bartolomeu,O Massacre da Noite de São Bartolomeu — Dubois,François Dubois 1529-1584,"between circa 1572 and circa 1584 date QS:P571,+1550-00-00T00:00:00Z/7,P1319,+1572-00-00T00:00:00Z/9,P1326,+1584-00-00T00:00:00Z/9,P1480,Q5727902",Public domain,Current valid link to file (same source): Musée cantonal des Beaux-Arts ; direct link to the image: [1] Original link (museum homepage only): Musée cantonal des Beaux-Arts .,2304,1398,2304x1398,"La_masacre_de_San_Bartolomé,_por_François_Dubois.jpg","https://commons.wikimedia.org/wiki/File:La_masacre_de_San_Bartolom%C3%A9,_por_Fran%C3%A7ois_Dubois.jpg",wiki,"La topographie, manipulée, est adaptée au désir de montrer ensemble les lieux principaux de cette tragédie. On reconnaît à gauche l'église du couvent des Grands-Augustins (aujourd’hui disparue) où sonna le tocsin qui déclencha les tueries, la Seine et le pont des Meuniers. Au centre à l'arrière-plan , le Louvre et, devant le bâtiment, Catherine de Médicis la veuve noire, principale instigatrice de"
05-idade-moderna_palacio-de-versalhes.jpg,05,idade-moderna,palacio-de-versalhes,Palácio de Versalhes,G CHP,2010-09-18,CC BY-SA 2.5,Own work,2048,1536,2048x1536,Versailles-Chateau-Jardins02.jpg,https://commons.wikimedia.org/wiki/File:Versailles-Chateau-Jardins02.jpg,wiki,"Étienne Le Hongre (Français, 1628-1690): Le Parterre d’Eau . Décoration du bassin par une statue couchée figurant un fleuve ou une rivière de France : La Loire et le Loiret, Le Rhône et la Saône, La Seine et la Marne, La Garonne et la Dordogne. Ici, La Seine , XVIIe s. Bronze fondu par les frères Keller et placé sur la margelle occidentale du Bassin du Nord du Parterre d'Eau des jardins de Versail"
05-idade-moderna_planisferio-cantino.jpg,05,idade-moderna,planisferio-cantino,Planisfério de Cantino,anonymous Portuguese (1502),1502,Public domain,"Biblioteca Estense Universitaria, Modena, Italy",2000,939,10643x4998,Cantino_planisphere_(1502).jpg,https://commons.wikimedia.org/wiki/File:Cantino_planisphere_(1502).jpg,wiki,"The Cantino planisphere , completed by an unknown Portuguese cartographer in 1502, is one of the most precious cartographic documents of all time. It depicts the world, as it became known to the Europeans after the great exploration voyages at the end of the fifteenth and beginning of the sixteenth century to the Americas, Africa and India. It is now kept in the Biblioteca Universitaria Estense, M"
05-idade-moderna_primavera-botticelli.jpg,05,idade-moderna,primavera-botticelli,A Primavera — Botticelli,Sandro Botticelli,"between 1480 and 1485 date QS:P,+1480-00-00T00:00:00Z/8,P1319,+1480-00-00T00:00:00Z/9,P1326,+1485-00-00T00:00:00Z/9 Early Renaissance (1420s date QS:P,+1420-00-00T00:00:00Z/8 –1500)",Public domain,http://www.googleartproject.com/collection/uffizi-gallery/artwork/la-primavera-spring-botticelli-filipepi/331460/,2000,1314,4926x3236,Botticelli-primavera.jpg,https://commons.wikimedia.org/wiki/File:Botticelli-primavera.jpg,wiki,
05-idade-moderna_retrato-arnolfini.jpg,05,idade-moderna,retrato-arnolfini,O Casal Arnolfini — Jan van Eyck,Jan van Eyck,"1434 date QS:P571,+1434-00-00T00:00:00Z/9",Public domain,Gennadii Saus i Segura,2000,2736,8283x11331,The_Arnolfini_portrait_(1434).jpg,https://commons.wikimedia.org/wiki/File:The_Arnolfini_portrait_(1434).jpg,wiki,
05-idade-moderna_ronda-noturna.jpg,05,idade-moderna,ronda-noturna,A Ronda Noturna — Rembrandt,Rembrandt,1642,Public domain,https://www.rijksmuseum.nl/en/collection/SK-C-5,2000,1627,14168x11528,"La_ronda_de_noche,_por_Rembrandt_van_Rijn.jpg","https://commons.wikimedia.org/wiki/File:La_ronda_de_noche,_por_Rembrandt_van_Rijn.jpg",wiki,
05-idade-moderna_tomada-da-bastilha.jpg,05,idade-moderna,tomada-da-bastilha,A Tomada da Bastilha,Unidentified painter,"14 July 1789 date QS:P571,+1789-07-14T00:00:00Z/11",Public domain,Current version: Palace of Versailles ; direct link to the image: [1] Original version: L’Histoire par l’image,2000,1577,8332x6571,Anonymous_-_Prise_de_la_Bastille.jpg,https://commons.wikimedia.org/wiki/File:Anonymous_-_Prise_de_la_Bastille.jpg,wiki,Storming of the Bastille
05-idade-moderna_torre-de-babel-bruegel.jpg,05,idade-moderna,torre-de-babel-bruegel,"A Torre de Babel — Bruegel, o Velho",Pieter Brueghel the Elder,"1563 date QS:P571,+1563-00-00T00:00:00Z/9",Public domain,"Levels adjusted from File:Pieter_Bruegel_the_Elder_-_The_Tower_of_Babel_(Vienna)_-_Google_Art_Project.jpg , originally from Google Art Project.",2000,1463,30000x21952,Pieter_Bruegel_the_Elder_-_The_Tower_of_Babel_(Vienna)_-_Google_Art_Project_-_edited.jpg,https://commons.wikimedia.org/wiki/File:Pieter_Bruegel_the_Elder_-_The_Tower_of_Babel_(Vienna)_-_Google_Art_Project_-_edited.jpg,wiki,Tower of Babel
05-idade-moderna_tres-de-maio-goya.jpg,05,idade-moderna,tres-de-maio-goya,O Três de Maio de 1808 — Goya,"El_Tres_de_Mayo,_by_Francisco_de_Goya,_from_Prado_in_Google_Earth.jpg : Francisco de Goya derivative work: Papa Lima Whiskey 2",2012-03-21 14:01,Public domain,"This file was derived from: El Tres de Mayo, by Francisco de Goya, from Prado in Google Earth.jpg :",2000,1545,29294x22626,"El_Tres_de_Mayo,_by_Francisco_de_Goya,_from_Prado_thin_black_margin.jpg","https://commons.wikimedia.org/wiki/File:El_Tres_de_Mayo,_by_Francisco_de_Goya,_from_Prado_thin_black_margin.jpg",wiki,The Third of May by Francisco Goya
05-idade-moderna_ultima-ceia.jpg,05,idade-moderna,ultima-ceia,A Última Ceia — Leonardo da Vinci,Leonardo da Vinci,"from 1495 until 1498 date QS:P571,+1495-00-00T00:00:00Z/8,P580,+1495-00-00T00:00:00Z/9,P582,+1498-00-00T00:00:00Z/9",Public domain,Online Taken on 23 July 2013,2000,1000,9600x4800,The_Last_Supper_-_Leonardo_Da_Vinci_-_High_Resolution_32x16.jpg,https://commons.wikimedia.org/wiki/File:The_Last_Supper_-_Leonardo_Da_Vinci_-_High_Resolution_32x16.jpg,wiki,The Last Supper Restored - Leonardo Da Vinci
06-brasil_alegoria-da-republica.jpg,06,brasil,alegoria-da-republica,Estudo para a Proclamação da República — Henrique Bernardelli,Henrique Bernardelli,Unknown date,Public domain,Scan: Museu da República (Safra catalogue).,1020,1365,1020x1365,Henrique Bernardelli - Estudo do quadro Proclamação da República.jpg,https://commons.wikimedia.org/wiki/File:Henrique_Bernardelli_-_Estudo_do_quadro_Proclama%C3%A7%C3%A3o_da_Rep%C3%BAblica.jpg,search,
06-brasil_batalha-do-avai.jpg,06,brasil,batalha-do-avai,Batalha do Avaí — Pedro Américo,Pedro Américo,"from 1872 until 1877 date QS:P571,+1872-00-00T00:00:00Z/8,P580,+1872-00-00T00:00:00Z/9,P582,+1877-00-00T00:00:00Z/9",Public domain,Google Arts & Culture: info .,2000,996,11207x5581,Pedro Américo - Batalha do Avaí.jpg,https://commons.wikimedia.org/wiki/File:Pedro_Am%C3%A9rico_-_Batalha_do_Ava%C3%AD.jpg,search,
06-brasil_batalha-dos-guararapes.jpg,06,brasil,batalha-dos-guararapes,Batalha dos Guararapes — Vítor Meirelles,Victor Meirelles,"from 1875 until 1879 date QS:P571,+1875-00-00T00:00:00Z/8,P580,+1875-00-00T00:00:00Z/9,P582,+1879-00-00T00:00:00Z/9",Public domain,"User:Wmpearl , 2013-12-26",2864,1668,2864x1668,"Victor Meirelles - 'Battle of Guararapes', 1879, oil on canvas, Museu Nacional de Belas Artes, Rio de Janeiro.JPG","https://commons.wikimedia.org/wiki/File:Victor_Meirelles_-_%27Battle_of_Guararapes%27,_1879,_oil_on_canvas,_Museu_Nacional_de_Belas_Artes,_Rio_de_Janeiro.JPG",search,
06-brasil_caipira-picando-fumo.jpg,06,brasil,caipira-picando-fumo,Caipira Picando Fumo — Almeida Júnior,José Ferraz de Almeida Júnior,"1893 date QS:P571,+1893-00-00T00:00:00Z/9",Public domain,Google Art Project,1507,2139,1507x2139,Caipira picando fumo.jpg,https://commons.wikimedia.org/wiki/File:Caipira_picando_fumo.jpg,search,
06-brasil_debret-jantar.jpg,06,brasil,debret-jantar,Cena de escravidão urbana — Jean-Baptiste Debret,Jean-Baptiste Debret,"between 1768 and 1848 date QS:P,+1500-00-00T00:00:00Z/6,P1319,+1768-00-00T00:00:00Z/9,P1326,+1848-00-00T00:00:00Z/9",Public domain,"J.B. Debret, “Overseers punishing slaves on a rural estate”. (3 vols., Paris, 1834,1835, 1839), Voyage Pittoresque et historique au Bresil. Conrad, Robert. The Destruction of Brazilian Slavery 1850-1888. London, England: University of California Press, Ltd, 1972. Photography Own work",3756,2717,3756x2717,"Slavery in Brazil, by Jean-Baptiste Debret (1768-1848).jpg","https://commons.wikimedia.org/wiki/File:Slavery_in_Brazil,_by_Jean-Baptiste_Debret_(1768-1848).jpg",search,"Slavery in Brazil, by Jean-Baptiste Debret ."
06-brasil_desembarque-de-cabral.jpg,06,brasil,desembarque-de-cabral,Desembarque de Cabral em Porto Seguro — Oscar Pereira da Silva,Oscar Pereira da Silva,1904 [ 1 ],Public domain,Own work,800,439,800x439,Oscar Pereira da Silva - Desembarque de Pedro Álvares Cabral em Porto Seguro em 1500.jpg,https://commons.wikimedia.org/wiki/File:Oscar_Pereira_da_Silva_-_Desembarque_de_Pedro_%C3%81lvares_Cabral_em_Porto_Seguro_em_1500.jpg,search,
06-brasil_dom-pedro-ii.jpg,06,brasil,dom-pedro-ii,Retrato de Dom Pedro II,Mathew Benjamin Brady / Levin Corbin Handy,1876,Public domain,This image is available from the United States Library of Congress 's Prints and Photographs division under the digital ID cwpbh.04006 . This tag does not indicate the copyright status of the attached work. A normal copyright tag is still required. See Commons:Licensing .,2892,3880,2892x3880,Pedro_II_of_Brazil_-_Brady-Handy.jpg,https://commons.wikimedia.org/wiki/File:Pedro_II_of_Brazil_-_Brady-Handy.jpg,wiki,"Pedro II of Brazil . Library of Congress description: ""Pedro, D. of Brazil (1876)""."
06-brasil_independencia-ou-morte.jpg,06,brasil,independencia-ou-morte,Independência ou Morte (O Grito do Ipiranga) — Pedro Américo,Pedro Américo,1888,Public domain,xQEMjjFlwma5eQ at Google Arts & Culture,2000,1070,34130x18254,Pedro Américo - Independência ou Morte - Google Art Project.jpg,https://commons.wikimedia.org/wiki/File:Pedro_Am%C3%A9rico_-_Independ%C3%AAncia_ou_Morte_-_Google_Art_Project.jpg,search,"Independence or Death , by Pedro Américo , oil on canvas, 1888. Displayed in the Museu Paulista ."
06-brasil_marc-ferrez-rio.jpg,06,brasil,marc-ferrez-rio,Rio de Janeiro no séc. XIX — fotografia de Marc Ferrez,Marc Ferrez,"Taken in second half of 19 th century date QS:P571,+1850-00-00T00:00:00Z/7 , 1889",Public domain,reiss-sohn.de,1624,738,1624x738,"Rio de Janeiro, La Saude, photograph by Marc Ferrez.jpg","https://commons.wikimedia.org/wiki/File:Rio_de_Janeiro,_La_Saude,_photograph_by_Marc_Ferrez.jpg",search,
06-brasil_moema-meirelles.jpg,06,brasil,moema-meirelles,Moema — Vítor Meirelles,Victor Meirelles,"1866 date QS:P571,+1866-00-00T00:00:00Z/9",Public domain,[1],800,525,800x525,Victor Meirelles - Moema.jpg,https://commons.wikimedia.org/wiki/File:Victor_Meirelles_-_Moema.jpg,search,
06-brasil_partida-da-moncao.jpg,06,brasil,partida-da-moncao,Partida da Monção — Almeida Júnior,José Ferraz de Almeida Júnior,"1897 date QS:P571,+1897-00-00T00:00:00Z/9",Public domain,Scan from MP/Safra catalogue.,963,588,963x588,"Almeida Júnior - Partida da Monção, 1897.jpg","https://commons.wikimedia.org/wiki/File:Almeida_J%C3%BAnior_-_Partida_da_Mon%C3%A7%C3%A3o,_1897.jpg",search,
06-brasil_primeira-missa.jpg,06,brasil,primeira-missa,A Primeira Missa no Brasil — Vítor Meirelles,Victor Meirelles,"1860 date QS:P571,+1860-00-00T00:00:00Z/9",Public domain,Own work,2000,1478,4191x3097,Pintura sobre a primeira missa no Brasil.jpg,https://commons.wikimedia.org/wiki/File:Pintura_sobre_a_primeira_missa_no_Brasil.jpg,search,Obra do catarinense Victor Meirelles de 1860 chamada Primeira Missa no Brasil exposta no museu Nacional de Belas Artes no Rio de Janeiro
06-brasil_proclamacao-da-republica.jpg,06,brasil,proclamacao-da-republica,Proclamação da República — Benedito Calixto,Benedito Calixto,"1893 date QS:P571,+1893-00-00T00:00:00Z/9",Public domain,Own work,2000,1233,5799x3574,Proclamação da República by Benedito Calixto 1893.jpg,https://commons.wikimedia.org/wiki/File:Proclama%C3%A7%C3%A3o_da_Rep%C3%BAblica_by_Benedito_Calixto_1893.jpg,search,
06-brasil_redencao-de-cam.jpg,06,brasil,redencao-de-cam,A Redenção de Cam — Modesto Brocos,Modesto Brocos Gómez,"1895 date QS:P571,+1895-00-00T00:00:00Z/9",Public domain,Own work,2160,2560,2160x2560,Redenção.jpg,https://commons.wikimedia.org/wiki/File:Reden%C3%A7%C3%A3o.jpg,wiki,Ham's Redemption
06-brasil_rugendas-escravidao.jpg,06,brasil,rugendas-escravidao,Navio negreiro (porão) — Johann Moritz Rugendas,Johann Moritz Rugendas,2016-04-29 16:32:44,Public domain,Own work,3423,2052,3423x2052,Navio negreiro - Rugendas 1830.jpg,https://commons.wikimedia.org/wiki/File:Navio_negreiro_-_Rugendas_1830.jpg,search,Negros in the cellar of a slave boat.
06-brasil_tiradentes-pedro-americo.jpg,06,brasil,tiradentes-pedro-americo,Tiradentes Esquartejado — Pedro Américo,Pedro Américo,"1893 date QS:P571,+1893-00-00T00:00:00Z/9",Public domain,Own work,3000,4979,3000x4979,Tiradentes_quartered_(Tiradentes_escuartejado)_by_Pedro_Américo_1893.jpg,https://commons.wikimedia.org/wiki/File:Tiradentes_quartered_(Tiradentes_escuartejado)_by_Pedro_Am%C3%A9rico_1893.jpg,wiki,"Joaquim José da Silva Xavier (known as Tiradentes -translation from Portuguese denotes: ""Toothpuller""-), was a dentist, and leading member of the Brazilian revolutionary movement, known as Inconfidência Mineira , whose aim was full independence from Portuguese colonial power, and creation of a Brazilian republic. When the separatists' plot was uncovered by authorities, Tiradentes was arrested, tri"
07-contemporanea_arbeit-macht-frei.jpg,07,contemporanea,arbeit-macht-frei,Portão Arbeit macht frei — Auschwitz I,Bibi595,2012-01-30,CC BY-SA 3.0,Own work,2000,1331,4592x3056,Auschwitz-Work Set Free-new.JPG,https://commons.wikimedia.org/wiki/File:Auschwitz-Work_Set_Free-new.JPG,search,"The main entrance to the German death camp Auschwitz I near the town of Oświęcim in Poland. Above the gate is the infamous motto, Arbeit macht frei (""work makes free"")."
07-contemporanea_bal-moulin-galette.jpg,07,contemporanea,bal-moulin-galette,Baile no Moulin de la Galette — Pierre-Auguste Renoir,Pierre-Auguste Renoir,1876,Public domain,Google Art & Culture,2000,1487,40869x30379,"Renoir,_Pierre-Auguste_-_Dance_at_Le_Moulin_de_la_Galette,_1876.jpg","https://commons.wikimedia.org/wiki/File:Renoir,_Pierre-Auguste_-_Dance_at_Le_Moulin_de_la_Galette,_1876.jpg",wiki,
07-contemporanea_balsa-da-medusa.jpg,07,contemporanea,balsa-da-medusa,A Balsa da Medusa — Théodore Géricault,Théodore Géricault,1819,Public domain,Unknown source,2000,1365,5872x4008,"JEAN_LOUIS_THÉODORE_GÉRICAULT_-_La_Balsa_de_la_Medusa_(Museo_del_Louvre,_1818-19).jpg","https://commons.wikimedia.org/wiki/File:JEAN_LOUIS_TH%C3%89ODORE_G%C3%89RICAULT_-_La_Balsa_de_la_Medusa_(Museo_del_Louvre,_1818-19).jpg",wiki,
07-contemporanea_bandeira-sobre-reichstag.jpg,07,contemporanea,bandeira-sobre-reichstag,Bandeira sobre o Reichstag — Yevgeny Khaldei (1945),Yevgeny Khaldei / Adam Cuerden,Taken on 2 May 1945.,Public domain,Internet portal of the Ministry of Defense of Russia mil.ru archive,2000,1444,4349x3139,Raising_a_flag_over_the_Reichstag_-_Restoration.jpg,https://commons.wikimedia.org/wiki/File:Raising_a_flag_over_the_Reichstag_-_Restoration.jpg,wiki,"The iconic "" Raising a flag over the Reichstag "" photo by Yevgeny Khaldei . Published: Ogoniok magazine (No 19, 1945) 1945-05-13 on 1st, title page (not on cover)"
07-contemporanea_bismarck-retrato.jpg,07,contemporanea,bismarck-retrato,Retrato de Otto von Bismarck,Unknown author,1885,Public domain,Bridgeman Art Library : Object 2990143,676,912,676x912,Otto_von_Bismarck_1885_(cropped).jpg,https://commons.wikimedia.org/wiki/File:Otto_von_Bismarck_1885_(cropped).jpg,wiki,"Portrait of Otto von Bismarck, Chancellor of the German Empire, in 1885."
07-contemporanea_bolchevique-kustodiev.jpg,07,contemporanea,bolchevique-kustodiev,O Bolchevique — Boris Kustodiev (1920),Boris Kustodiev,"1920 date QS:P571,+1920-00-00T00:00:00Z/9",Public domain,Tretyakov Gallery,2048,1453,2048x1453,Kustodiev The Bolshevik.jpg,https://commons.wikimedia.org/wiki/File:Kustodiev_The_Bolshevik.jpg,search,
07-contemporanea_boxer-rebellion-aliados.jpg,07,contemporanea,boxer-rebellion-aliados,Tropas das Oito Nações na Rebelião dos Boxers (1900),Unknown author,"between 1899 and 1901 date QS:P571,+1500-00-00T00:00:00Z/6,P1319,+1899-00-00T00:00:00Z/9,P1326,+1901-00-00T00:00:00Z/9",Public domain,http://media.iwm.org.uk/iwm/mediaLib//8/media-8840/large.jpg This photograph Q 114294 comes from the collections of the Imperial War Museums .,800,560,800x560,"The Boxer Rebellion, 1899 - 1901 Q114294.jpg","https://commons.wikimedia.org/wiki/File:The_Boxer_Rebellion,_1899_-_1901_Q114294.jpg",search,"The Boxer Rebellion, 1899 - 1901 A group of Russian soldiers in China as part of the Eight-Nation Alliance force during the Boxer Rebellion in 1900."
07-contemporanea_britadores-de-pedra.jpg,07,contemporanea,britadores-de-pedra,Os Britadores de Pedras — Gustave Courbet,Gustave Courbet,"1849 date QS:P571,+1849-00-00T00:00:00Z/9",Public domain,"Web Gallery of Art : Image Info about artwork wga QS:P11807,""c/courbet/1/courb103""",1315,800,1315x800,Gustave_Courbet_-_The_Stonebreakers_-_WGA05457.jpg,https://commons.wikimedia.org/wiki/File:Gustave_Courbet_-_The_Stonebreakers_-_WGA05457.jpg,wiki,
07-contemporanea_caminhante-mar-de-nevoa.jpg,07,contemporanea,caminhante-mar-de-nevoa,Caminhante sobre o Mar de Névoa — Caspar David Friedrich,Caspar David Friedrich,1818,Public domain,https://www.tiqets.com/ja/hamburg-attractions-c64886/tickets-for-hamburger-kunsthalle-skip-the-line-p976728/,2000,2565,5256x6742,Caspar_David_Friedrich_-_Wanderer_above_the_Sea_of_Fog.jpeg,https://commons.wikimedia.org/wiki/File:Caspar_David_Friedrich_-_Wanderer_above_the_Sea_of_Fog.jpeg,wiki,The hiker stands as a back figure in the center of the composition. He looks down on an almost impenetrable sea of fog in the midst of a rocky landscape - a metaphor for life as an ominous journey into the unknown.
07-contemporanea_cartaz-moor-voluntario.jpg,07,contemporanea,cartaz-moor-voluntario,Você se alistou como voluntário? — Dmitry Moor (1920),Dmitry Moor,1920,Public domain,http://www.spanglyprincess.com/?p=1232,3417,5009,3417x5009,Dmitry Moor 1920 Did you volunteer.jpg,https://commons.wikimedia.org/wiki/File:Dmitry_Moor_1920_Did_you_volunteer.jpg,search,"Poster by Dmitry Moor , 1920. Русский: Плакат гражданской войны в России Source http://www.spanglyprincess.com/?p=1232"
07-contemporanea_cartaz-votes-for-women.jpg,07,contemporanea,cartaz-votes-for-women,Cartaz Votes for Women — movimento sufragista,Unknown author (uploaded to en.wikipedia by Jack1956),June 1908 (15 October 2019 (original upload date)),Public domain,Transferred from en.wikipedia to Commons. (Original text : Scanned from a copy in my collection - the Glenn Christodoulou Collection ),2048,1153,2048x1153,Suffragettes Radcliffe Spong Dallas Marsh.jpg,https://commons.wikimedia.org/wiki/File:Suffragettes_Radcliffe_Spong_Dallas_Marsh.jpg,search,"Photograph of a poster parade of Suffragettes announcing a demonstration to be held at the House of Commons on 30th June 1908. The photograph was taken in The Strand . The Suffragettes that appear in the photo have been identified as Dorothy Hartopp Radcliffe , Dora Spong who appears to be holding a pile of Votes for Women newspapers, Hilda Dallas and Charlotte Marsh carrying the placard."
07-contemporanea_cecil-rhodes-retrato.jpg,07,contemporanea,cecil-rhodes-retrato,Retrato de Cecil Rhodes,Alexander Bassano,1890,Public domain,National Library of Norway,2578,3458,2578x3458,Cecil_John_Rhodes_(Cropped).jpg,https://commons.wikimedia.org/wiki/File:Cecil_John_Rhodes_(Cropped).jpg,wiki,Cecil John Rhodes circa 1890
07-contemporanea_cidade-que-se-ergue-boccioni.jpg,07,contemporanea,cidade-que-se-ergue-boccioni,A Cidade que se Ergue — Umberto Boccioni (1910),Umberto Boccioni,"1910 date QS:P571,+1910-00-00T00:00:00Z/9",Public domain,Moma.org,2583,1715,2583x1715,The_City_Rises_by_Umberto_Boccioni_1910.jpg,https://commons.wikimedia.org/wiki/File:The_City_Rises_by_Umberto_Boccioni_1910.jpg,wiki,
07-contemporanea_cogumelo-nagasaki.jpg,07,contemporanea,cogumelo-nagasaki,Cogumelo atômico sobre Nagasaki (1945),US gov,1945,Public domain,US gov,703,1029,703x1029,Atomic cloud over Nagasaki from B-29.jpg,https://commons.wikimedia.org/wiki/File:Atomic_cloud_over_Nagasaki_from_B-29.jpg,search,Atomic cloud over Nagasaki from B-29
07-contemporanea_coluna-prestes-foto.png,07,contemporanea,coluna-prestes-foto,Coluna Prestes — fotografia (1925-27),Desconhecido. Acervo CPDOC/FGV,"circa 1925 date QS:P,+1925-00-00T00:00:00Z/9,P1480,Q5727902",Public domain,Ministério do silêncio . Lucas Figueiredo. Editora Record. ISBN 9788501069207 (2005),777,533,777x533,Comando_da_Coluna_Prestes.png,https://commons.wikimedia.org/wiki/File:Comando_da_Coluna_Prestes.png,wiki,"Comando da Coluna Prestes . Luís Carlos Prestes é o terceiro sentado, da esquerda para a direita."
07-contemporanea_comedores-de-batatas.jpg,07,contemporanea,comedores-de-batatas,Os Comedores de Batatas — Vincent van Gogh,Vincent van Gogh,"1885 date QS:P571,+1885-00-00T00:00:00Z/9",Public domain,Van Gogh Museum,2000,1414,7695x5441,De_aardappeleters_-_s0005V1962_-_Van_Gogh_Museum.jpg,https://commons.wikimedia.org/wiki/File:De_aardappeleters_-_s0005V1962_-_Van_Gogh_Museum.jpg,wiki,"Painting by Vincent van Gogh, 1885"
07-contemporanea_composicao-mondrian.jpg,07,contemporanea,composicao-mondrian,"Composição com Vermelho, Azul e Amarelo — Piet Mondrian",Piet Mondrian,"1930 date QS:P571,+1930-00-00T00:00:00Z/9",Public domain,[1],2000,2028,5918x6000,"Piet_Mondriaan,_1930_-_Mondrian_Composition_II_in_Red,_Blue,_and_Yellow.jpg","https://commons.wikimedia.org/wiki/File:Piet_Mondriaan,_1930_-_Mondrian_Composition_II_in_Red,_Blue,_and_Yellow.jpg",wiki,"One of Mondrian's best known works, a product of his De Stijl period, Catalobus #B219 per http://pietmondrian.rkdmonographs.nl/1929-1930-b206-b225.html"
07-contemporanea_composicao-viii-kandinsky.jpg,07,contemporanea,composicao-viii-kandinsky,Composição VIII — Wassily Kandinsky (1923),Xyxyzyz,2023-12-15 15:41:57,CC0,Own work,2000,1457,3911x2849,"Kandinsky - Composition 8, July 1923.jpg","https://commons.wikimedia.org/wiki/File:Kandinsky_-_Composition_8,_July_1923.jpg",search,Artist: Vassily Kandinsky Title:Composition 8 Date: July 1923 Oil on canvas Photo taken at the Art Gallery of New South Wales
07-contemporanea_conferencia-de-berlim-1884.jpg,07,contemporanea,conferencia-de-berlim-1884,Conferência de Berlim (1884-85) — gravura,Adalbert von Roessler,1884,Public domain,"Über Land und Meer. Allgemeine Illustrierte Zeitung, Jg. 27 (Oktober 1884-1885), Bd. 53, Nr. 14, 308).",3631,2790,3631x2790,Kongokonferenz.jpg,https://commons.wikimedia.org/wiki/File:Kongokonferenz.jpg,wiki,Drawing of the participants in the Berlin conference in 1884.
07-contemporanea_congresso-de-viena.png,07,contemporanea,congresso-de-viena,O Congresso de Viena — Isabey,After Jean-Baptiste Isabey,"19 th century date QS:P571,+1850-00-00T00:00:00Z/7",CC BY-SA 3.0,http://www.histoire-image.org/photo/zoom/nic08_isabey_02f.jpg,1883,1400,1883x1400,Congress_of_Vienna.PNG,https://commons.wikimedia.org/wiki/File:Congress_of_Vienna.PNG,wiki,"descriptive numbers: 1. Arthur Wellesley, 1st Duke of Wellington (UK) 2. Joaquim Lobo da Silveira (Portugal) 3. António de Saldanha da Gama (Portugal) 4. Count Carl Löwenhielm (Sweden) 5. Louis Joseph Alexis de Noailles (France) 6. Prince Klemens Wenzel Nepomuk Lothar von Metternich (Austria) 7. Frédéric-Séraphin de La Tour du Pin Gouvernet (France) 8. Count Karl Robert Nesselrode (Russia) 9. Pedr"
07-contemporanea_crystal-palace-1851.jpg,07,contemporanea,crystal-palace-1851,Crystal Palace — Grande Exposição de Londres (1851),Read & Co. Engravers & Printers,2016-05-12,Public domain,"View from the Knightsbridge Road of The Crystal Palace in Hyde Park for Grand International Exhibition of 1851. Dedicated to the Royal Commissioners., London: Read & Co. Engravers & Printers, 1851.",2000,1325,6113x4049,The_Crystal_Palace_in_Hyde_Park_for_Grand_International_Exhibition_of_1851.jpg,https://commons.wikimedia.org/wiki/File:The_Crystal_Palace_in_Hyde_Park_for_Grand_International_Exhibition_of_1851.jpg,wiki,"View from the Knightsbridge Road of The Crystal Palace in Hyde Park for Grand International Exhibition of 1851. Dedicated to the Royal Commissioners., London: Read & Co. Engravers & Printers, 1851."
07-contemporanea_czar-nicolau-ii-familia.jpg,07,contemporanea,czar-nicolau-ii-familia,Família imperial Romanov (1913),Boasson and Eggler St. Petersburg Nevsky 24.,1913,Public domain,This image is available from the United States Library of Congress 's Prints and Photographs division under the digital ID ggbain.14545 . This tag does not indicate the copyright status of the attached work. A normal copyright tag is still required. See Commons:Licensing .,2000,1627,4295x3495,Family Nicholas II of Russia ca. 1914.jpg,https://commons.wikimedia.org/wiki/File:Family_Nicholas_II_of_Russia_ca._1914.jpg,search,"Russian Imperial family Photo shows members of the Romanovs, the last imperial family of Russia including: seated (left to right) Maria, Queen Alexandra, Czar Nicholas II, Anastasia, Alexei (front), and standing (left to right), Olga and Tatiana. (Source: Flickr Commons project, 2010)"
07-contemporanea_enterro-em-ornans.jpg,07,contemporanea,enterro-em-ornans,Um Enterro em Ornans — Gustave Courbet,Gustave Courbet,1849-50.,Public domain,Google Art Project: Home - pic Maximum resolution.,2000,919,6042x2777,Gustave_Courbet_-_A_Burial_at_Ornans_-_Google_Art_Project_2.jpg,https://commons.wikimedia.org/wiki/File:Gustave_Courbet_-_A_Burial_at_Ornans_-_Google_Art_Project_2.jpg,wiki,
07-contemporanea_estatua-da-liberdade-1886.jpg,07,contemporanea,estatua-da-liberdade-1886,"Estátua da Liberdade (Nova York, 1886)",AskALotl,"Taken on 2 June 2024, 13:08:19",CC0,Own work,2498,3828,2498x3828,Front_view_of_Statue_of_Liberty_(cropped).jpg,https://commons.wikimedia.org/wiki/File:Front_view_of_Statue_of_Liberty_(cropped).jpg,wiki,"The Statue of Liberty as seen from the front in 2024, with pedestal and base visible."
07-contemporanea_forja-menzel.jpg,07,contemporanea,forja-menzel,A Forja (Eisenwalzwerk) — Adolph von Menzel (1875),Adolph von Menzel,"18 December 2014, 16:20:24",Public domain,Own work,2000,1330,6016x4000,Adolph Menzel - Das Eisenwalzwerk - The Iron-Rolling Mill - 1872-1875.JPG,https://commons.wikimedia.org/wiki/File:Adolph_Menzel_-_Das_Eisenwalzwerk_-_The_Iron-Rolling_Mill_-_1872-1875.JPG,search,"Adolph Menzel's 1872-1875 painting ""Das Eisenwalzwerk (Modern Cyklopen)"" [The Iron-Rolling Mill (Modern Cyclops)]"
07-contemporanea_gassed-sargent.jpg,07,contemporanea,gassed-sargent,Gassed (Gaseado) — John Singer Sargent (1919),John Singer Sargent,1919,Public domain,Imperial War Museum,2000,753,36017x13568,John_Singer_Sargent_-_Gassed_(1919).jpg,https://commons.wikimedia.org/wiki/File:John_Singer_Sargent_-_Gassed_(1919).jpg,wiki,
07-contemporanea_grandes-banhistas.jpg,07,contemporanea,grandes-banhistas,Os Grandes Banhistas — Paul Cézanne,Paul Cézanne,"1906 date QS:P571,+1906-00-00T00:00:00Z/9",Public domain,owGszazN_Evyvw at Google Cultural Institute maximum zoom level,2000,1672,6385x5337,"Paul Cézanne, French - The Large Bathers - Google Art Project.jpg","https://commons.wikimedia.org/wiki/File:Paul_C%C3%A9zanne,_French_-_The_Large_Bathers_-_Google_Art_Project.jpg",search,
07-contemporanea_henri-rousseau-o-sonho.jpg,07,contemporanea,henri-rousseau-o-sonho,O Sonho — Henri Rousseau (1910),Henri Rousseau,"1910 date QS:P571,+1910-00-00T00:00:00Z/9",Public domain,Google Arts & Culture — LwEt57AOdD6SGA,2000,1362,4512x3072,Henri Rousseau - Le Rêve - Google Art Project.jpg,https://commons.wikimedia.org/wiki/File:Henri_Rousseau_-_Le_R%C3%AAve_-_Google_Art_Project.jpg,search,
07-contemporanea_hitler-nuremberg-1934.jpg,07,contemporanea,hitler-nuremberg-1934,Comício do Partido Nazista em Nuremberg (1934),Unknown Unknown,"September 1934 date QS:P571,+1934-09-00T00:00:00Z/10",CC BY-SA 3.0 de,"This image was provided to Wikimedia Commons by the German Federal Archive (Deutsches Bundesarchiv) as part of a cooperation project . The German Federal Archive guarantees an authentic representation only using the originals (negative and/or positive), resp. the digitalization of the originals as provided by the Digital Image Archive .",800,570,800x570,"Bundesarchiv Bild 183-2008-1016-502, Nürnberg, Reichsparteitag der NSDAP.jpg","https://commons.wikimedia.org/wiki/File:Bundesarchiv_Bild_183-2008-1016-502,_N%C3%BCrnberg,_Reichsparteitag_der_NSDAP.jpg",search,"For documentary purposes the German Federal Archive often retained the original image captions , which may be erroneous, biased, obsolete or politically extreme . Nürnberg, Reichsparteitag der NSDAP Reichsparteitag der NSDAP 1934 in Nürnberg, v.r. [Werner] von Blomberg, [Adolf] Hitler dahinter [Werner] von Fritsch, [Hermann] Göring, [Erich] Raeder; Links der Fotograf Heinrich Hoffmann"
07-contemporanea_impressao-nascer-do-sol.jpg,07,contemporanea,impressao-nascer-do-sol,"Impressão, Nascer do Sol — Claude Monet",Claude Monet,"1872 date QS:P571,+1872-00-00T00:00:00Z/9",Public domain,art database,2000,1551,5773x4478,"Monet_-_Impression,_Sunrise.jpg","https://commons.wikimedia.org/wiki/File:Monet_-_Impression,_Sunrise.jpg",wiki,
07-contemporanea_invasao-polonia-1939.jpg,07,contemporanea,invasao-polonia-1939,Tanques alemães invadem a Polônia (1939),Rascheit,"September 1939 date QS:P571,+1939-09-00T00:00:00Z/10",CC BY-SA 3.0 de,"This image was provided to Wikimedia Commons by the German Federal Archive (Deutsches Bundesarchiv) as part of a cooperation project . The German Federal Archive guarantees an authentic representation only using the originals (negative and/or positive), resp. the digitalization of the originals as provided by the Digital Image Archive .",796,512,796x512,"Bundesarchiv Bild 101I-318-0083-30, Polen, Panzer III mit Panzersoldaten.jpg","https://commons.wikimedia.org/wiki/File:Bundesarchiv_Bild_101I-318-0083-30,_Polen,_Panzer_III_mit_Panzersoldaten.jpg",search,
07-contemporanea_iron-and-coal.jpg,07,contemporanea,iron-and-coal,"Iron and Coal — William Bell Scott (Newcastle, 1861)",William Bell Scott,1861,Public domain,Art UK,1200,1182,1200x1182,William Bell Scott (1811-1890) - In the Nineteenth Century the Northumbrians Show the World what Can Be Done with Iron and Coal - 584372 - National Trust.jpg,https://commons.wikimedia.org/wiki/File:William_Bell_Scott_(1811-1890)_-_In_the_Nineteenth_Century_the_Northumbrians_Show_the_World_what_Can_Be_Done_with_Iron_and_Coal_-_584372_-_National_Trust.jpg,search,
07-contemporanea_iwo-jima-rosenthal.jpg,07,contemporanea,iwo-jima-rosenthal,Hasteamento da bandeira em Iwo Jima — Joe Rosenthal (1945),Joe Rosenthal,1945-02-23,Public domain,"https://www.apnews.com/f00e1181d57a414a848ac96b772839fd direct link This file was derived from: Raising the Flag on Iwo Jima, larger.jpeg",2959,2241,2959x2241,"Raising_the_Flag_on_Iwo_Jima,_larger_-_edit1.jpg","https://commons.wikimedia.org/wiki/File:Raising_the_Flag_on_Iwo_Jima,_larger_-_edit1.jpg",wiki,"Raising the Flag on Iwo Jima , by Joe Rosenthal."
07-contemporanea_joaquim-nabuco-retrato.jpg,07,contemporanea,joaquim-nabuco-retrato,Retrato de Joaquim Nabuco,Unknown author,1902,Public domain,Fundação Joaquim Nabuco,400,394,400x394,Joaquim_Nabuco_-_1902.jpg,https://commons.wikimedia.org/wiki/File:Joaquim_Nabuco_-_1902.jpg,wiki,Joaquim Nabuco
07-contemporanea_jose-do-patrocinio-retrato.jpg,07,contemporanea,jose-do-patrocinio-retrato,Retrato de José do Patrocínio,Unknown author,cerca 1900,Public domain,"Fotografia em ""História da Literatura Brasileira"" (1916), de José Veríssimo (1857 - 1917) - domínio público (public domain)",409,521,409x521,José_do_Patrocínio.jpg,https://commons.wikimedia.org/wiki/File:Jos%C3%A9_do_Patroc%C3%ADnio.jpg,wiki,Escritor e abolicionista brasileiro José do Patrocínio (1854 - 1905).
07-contemporanea_kaiser-wilhelm-ii-retrato.jpg,07,contemporanea,kaiser-wilhelm-ii-retrato,Retrato do Kaiser Guilherme II,Studio of Thomas Heinrich Voigt,1902,Public domain,http://media.iwm.org.uk/iwm/mediaLib//20/media-20612/large.jpg,803,1158,803x1158,Kaiser Wilhelm II of Germany - 1902(cropped).jpg,https://commons.wikimedia.org/wiki/File:Kaiser_Wilhelm_II_of_Germany_-_1902(cropped).jpg,search,"Cropped Head and shoulders portrait of Kaiser Wilhelm II originally taken by Court Photographer T. H. Voigt of Frankfurt, 1902."
07-contemporanea_kitchener-wants-you.jpg,07,contemporanea,kitchener-wants-you,Lord Kitchener Quer Você — cartaz de Alfred Leete (1914),A. Erhardt,2009-08-03 07:10:04,Public domain,"Sammlung Eybl, Plakatmuseum Wien",2000,2987,5981x8934,"30a_Sammlung_Eybl_Großbritannien._Alfred_Leete_(1882–1933)_Britons_(Kitchener)_wants_you_(Briten_Kitchener_braucht_Euch)._1914_(Nachdruck),_74_x_50_cm._(Slg.Nr._552).jpg","https://commons.wikimedia.org/wiki/File:30a_Sammlung_Eybl_Gro%C3%9Fbritannien._Alfred_Leete_(1882%E2%80%931933)_Britons_(Kitchener)_wants_you_(Briten_Kitchener_braucht_Euch)._1914_(Nachdruck),_74_x_50_cm._(Slg.Nr._552).jpg",wiki,"UK. Alfred Leete (1882-1933). Britons (Kitchener) wants you (British / Kitchener / needs you). 1914 (reprint), 74 x 50 cm. (Slg.Nr. 552). The title page of the ""London Opinion"" in 1914 for the first time printed images showing popular by its command posts in colonial wars War Minister Lord Kitchener. The advertising psychologically pioneering subject of fixing the viewer with the look in perspecti"
07-contemporanea_lampiao-bando.jpg,07,contemporanea,lampiao-bando,Lampião e seu bando — foto de Benjamin Abrahão (1936),Attributed to Benjamin Abrahão Botto,1927,Public domain,Scan: Museu do Ceará - Série Safra.,1255,1888,1255x1888,Virgulino_Ferreira_da_Silva_(Lampião)_01.jpg,https://commons.wikimedia.org/wiki/File:Virgulino_Ferreira_da_Silva_(Lampi%C3%A3o)_01.jpg,wiki,"Virgulino Ferreira da Silva, ""Lampião"". (1897-1938). Fotografia em P&B, 16 x 11 cm. Acervo do Museu do Ceará - Fortaleza, CE, Brasil. O registro fotográfico foi realizado quando seu grupo invadiu e saqueou a cidade de Limoeiro do Norte, no interior do Ceará, em 15 de junho de 1927."
07-contemporanea_lampiao-maria-bonita.jpg,07,contemporanea,lampiao-maria-bonita,Lampião e Maria Bonita — Benjamin Abrahão,Benjamin Abrahão Botto,"between 1936 and 1937 date QS:P,+1936-00-00T00:00:00Z/8,P1319,+1936-00-00T00:00:00Z/9,P1326,+1937-00-00T00:00:00Z/9",Public domain,(ABr): http://virtualbooks.terra.com.br/cultura/Lampiao_tem_fotos_ineditas.htm,1077,1600,1077x1600,"Maria_Bonita,_fotografada_em_1936_por_Benjamin_Abrahão_Botto.jpg","https://commons.wikimedia.org/wiki/File:Maria_Bonita,_fotografada_em_1936_por_Benjamin_Abrah%C3%A3o_Botto.jpg",wiki,"Maria Bonita, fotografada em 1936 por Benjamin Abrahão Botto. Retratos do cangaço"
07-contemporanea_lei-aurea-fac-simile.jpg,07,contemporanea,lei-aurea-fac-simile,Lei Áurea — fac-símile (1888),Senado Imperial,"13 May 1888 date QS:P571,+1888-05-13T00:00:00Z/11",Public domain,Arquivo Nacional,2000,2626,8499x11161,Lei_Áurea_(Golden_Law).tif,https://commons.wikimedia.org/wiki/File:Lei_%C3%81urea_(Golden_Law).tif,wiki,"Reprodução da Lei Áurea, de 1888. Fundo arquivístico: Ministério da Agricultura, Comércio e Obras Públicas."
07-contemporanea_lenin-discursando-1920.jpg,07,contemporanea,lenin-discursando-1920,Lenin discursa em Sverdlov Square (1920),"Unknown, presumably official",1920-04,Public domain,"[1] , date attested from http://www.marxists.org/archive/lenin/photo/1920/015.htm",1804,2406,1804x2406,Lenin_in_1920_(cropped).jpg,https://commons.wikimedia.org/wiki/File:Lenin_in_1920_(cropped).jpg,wiki,"Standing portrait of Vladimir Lenin (1870–1924), Marxist revolutionary and leader of Soviet Russia and the Soviet Union from 1917 to 1924."
07-contemporanea_libertacao-buchenwald.jpg,07,contemporanea,libertacao-buchenwald,Libertação de Buchenwald — fotografia do US Army (1945),Private H. Miller. (Army),Taken on 16 April 1945,Public domain,This tag does not indicate the copyright status of the attached work. A normal copyright tag is still required. See Commons:Licensing .,2699,2190,2699x2190,Buchenwald Slave Laborers Liberation.jpg,https://commons.wikimedia.org/wiki/File:Buchenwald_Slave_Laborers_Liberation.jpg,search,"These are slave laborers in the Buchenwald concentration camp near Weimar ; many had died from malnutrition when U.S. troops of the 80th Division entered the camp. The very ill man lying at the back on the lower bunk was thought to be Max Hamburger , but this is probably not true. Second row, seventh from left is Elie Wiesel . Photograph taken 5 days after rescue."
07-contemporanea_marcha-sufragio-1913-washington.jpg,07,contemporanea,marcha-sufragio-1913-washington,Marcha pelo sufrágio em Washington (1913),Adam Cuerden,1913,Public domain,This image is available from the United States Library of Congress 's Rare Book and Special Collections Division under the digital ID rbpe.20801600 . This tag does not indicate the copyright status of the attached work. A normal copyright tag is still required. See Commons:Licensing .,3753,2758,3753x2758,"Official Program Woman Suffrage Procession - March 3, 1913.jpg","https://commons.wikimedia.org/wiki/File:Official_Program_Woman_Suffrage_Procession_-_March_3,_1913.jpg",search,"Official program - Woman suffrage procession, Washington, D.C. March 3, 1913. Cover of program for the National American Women's Suffrage Association procession, showing woman, in elaborate attire, with cape, blowing long horn, from which is draped a ""votes for women"" banner, on decorated horse, with U.S. Capitol in background."
07-contemporanea_massacre-de-quios.jpg,07,contemporanea,massacre-de-quios,O Massacre de Quios — Delacroix,Eugène Delacroix,1824,Public domain,photo Shonagon 2024-02-09,2000,2375,6807x8084,"Scène_des_massacres_de_Scio,_Eugène_Delacroix_-_Musée_du_Louvre_Peintures_INV_3823_;_C3.jpg","https://commons.wikimedia.org/wiki/File:Sc%C3%A8ne_des_massacres_de_Scio,_Eug%C3%A8ne_Delacroix_-_Mus%C3%A9e_du_Louvre_Peintures_INV_3823_;_C3.jpg",wiki,
07-contemporanea_migrant-mother.jpg,07,contemporanea,migrant-mother,Migrant Mother — Dorothea Lange (1936),Dorothea Lange,6 March 1936,Public domain,This image is available from the United States Library of Congress 's Prints and Photographs division under the digital ID fsa.8b29516 . This tag does not indicate the copyright status of the attached work. A normal copyright tag is still required. See Commons:Licensing .,2000,2600,6205x8066,Lange-MigrantMother02.jpg,https://commons.wikimedia.org/wiki/File:Lange-MigrantMother02.jpg,wiki,"Portrait shows Florence Thompson with several of her children in a photograph known as ""Migrant Mother"". The Library of Congress caption reads: ""Destitute pea pickers in California. Mother of seven children. Age thirty-two. Nipomo, California ."" In the 1930s, the FSA employed several photographers to document the effects of the Great Depression on the population of America. Many of the photographs"
07-contemporanea_moulin-rouge-cartaz.jpg,07,contemporanea,moulin-rouge-cartaz,Cartaz do Moulin Rouge (La Goulue) — Toulouse-Lautrec (1891),Henri de Toulouse-Lautrec,"1891 date QS:P571,+1891-00-00T00:00:00Z/9",Public domain,[1],738,1155,738x1155,"Lautrec moulin rouge, la goulue (poster) 1891.jpg","https://commons.wikimedia.org/wiki/File:Lautrec_moulin_rouge,_la_goulue_(poster)_1891.jpg",override,Moulin-Rouge -Plakat von Henri de Toulouse-Lautrec
07-contemporanea_multidao-wall-street-1929.jpg,07,contemporanea,multidao-wall-street-1929,Multidão em Wall Street após o Crash (1929),US-gov,Taken on 29 October 1929,Public domain,From an SSA poster: http://www.ssa.gov/history/wallst.html (dead link) Archive: https://web.archive.org/web/20001214081300/http://www.ssa.gov/history/wallst.html,718,1024,718x1024,Crowd outside nyse.jpg,https://commons.wikimedia.org/wiki/File:Crowd_outside_nyse.jpg,search,A solemn crowd gathers outside the Stock Exchange after the crash. 1929.
07-contemporanea_mussolini-marcha-sobre-roma.jpg,07,contemporanea,mussolini-marcha-sobre-roma,Marcha sobre Roma — Mussolini e camisas-negras (1922),Unknown author,1922-10-24,Public domain,"Illustrazione Italiana , 1922, n. 45",1344,878,1344x878,Naples_Fascist_rally_on_24_October_1922_(2).jpg,https://commons.wikimedia.org/wiki/File:Naples_Fascist_rally_on_24_October_1922_(2).jpg,wiki,"From left to right: Italo Balbo, Benito Mussolini, Cesare Maria de Vecchi and Michele Bianchi in 1922"
07-contemporanea_noite-estrelada.jpg,07,contemporanea,noite-estrelada,A Noite Estrelada — Vincent van Gogh,Vincent van Gogh,"1889 date QS:P571,+1889-00-00T00:00:00Z/9",Public domain,Google Arts & Culture — bgEuwDxel93-Pg,2000,1584,44567x35291,Van_Gogh_-_Starry_Night_-_Google_Art_Project.jpg,https://commons.wikimedia.org/wiki/File:Van_Gogh_-_Starry_Night_-_Google_Art_Project.jpg,wiki,
07-contemporanea_o-grito.jpg,07,contemporanea,o-grito,O Grito — Edvard Munch (1893),Edvard Munch,1893,Public domain,"National Museum of Art, Architecture and Design",3223,4000,3223x4000,"Edvard_Munch,_1893,_The_Scream,_oil,_tempera_and_pastel_on_cardboard,_91_x_73_cm,_National_Gallery_of_Norway.jpg","https://commons.wikimedia.org/wiki/File:Edvard_Munch,_1893,_The_Scream,_oil,_tempera_and_pastel_on_cardboard,_91_x_73_cm,_National_Gallery_of_Norway.jpg",wiki,
07-contemporanea_pankhurst-discurso.jpg,07,contemporanea,pankhurst-discurso,Emmeline Pankhurst em discurso (Londres),Adam Cuerden,"November 1913 date QS:P571,+1913-11-00T00:00:00Z/10",Public domain,http://hdl.loc.gov/loc.mss/mnwp.275016,3125,4122,3125x4122,"Emmeline_Pankhurst,_seated_(1913).jpg","https://commons.wikimedia.org/wiki/File:Emmeline_Pankhurst,_seated_(1913).jpg",wiki,"Formal portrait, Emmeline Pankhurst, three-quarter length, seated in chair, facing slightly right with head turned toward camera, wearing high-collared blouse with decorative buttons, bow tie, and necklace."
07-contemporanea_paths-of-glory-nevinson.jpg,07,contemporanea,paths-of-glory-nevinson,Caminhos da Glória — C.R.W. Nevinson (1917),C. R. W. Nevinson,"1917 date QS:P571,+1917-00-00T00:00:00Z/9",Public domain,Google Arts & Culture: Home - pic Maximum resolution.,2000,1504,9033x6793,"Nevinson, C R W (ARA) - Paths Of Glory - Google Art Project.jpg","https://commons.wikimedia.org/wiki/File:Nevinson,_C_R_W_(ARA)_-_Paths_Of_Glory_-_Google_Art_Project.jpg",search,
07-contemporanea_prestes-pacaembu-1945.jpg,07,contemporanea,prestes-pacaembu-1945,Luís Carlos Prestes anistiado — Pacaembu (1945),Unknown Unknown The original uploader was EL-259 at Russian Wikipedia .,1935,Public domain,http://www.galizacig.com/actualidade/200501/xmc_olga_benario_1908_1942.htm Transferred from ru.wikipedia to Commons.,443,590,443x590,Luis_carlos_prestes_1935.jpg,https://commons.wikimedia.org/wiki/File:Luis_carlos_prestes_1935.jpg,wiki,"Престес, Луис Карлос в Рио-де-Жанейро, 1935 г."
07-contemporanea_primeiro-congresso-sionista-1897.jpg,07,contemporanea,primeiro-congresso-sionista-1897,1º Congresso Sionista em Basileia (1897),לשכת העיתונות הממשלתית,1897-01-01,Public domain,"This is available from National Photo Collection of Israel, Photography dept. Government Press Office ( link ), under the digital ID D131-027 . This tag does not indicate the copyright status of the attached work. A normal copyright tag is still required. See Commons:Licensing for more information.",3063,1946,3063x1946,THEODOR_HERZL_AT_THE_FIRST_ZIONIST_CONGRESS_IN_BASEL_ON_25.8.1897._תאודור_הרצל_בקונגרס_הציוני_הראשון_-_1897.8.25_(cropped).jpg,https://commons.wikimedia.org/wiki/File:THEODOR_HERZL_AT_THE_FIRST_ZIONIST_CONGRESS_IN_BASEL_ON_25.8.1897._%D7%AA%D7%90%D7%95%D7%93%D7%95%D7%A8_%D7%94%D7%A8%D7%A6%D7%9C_%D7%91%D7%A7%D7%95%D7%A0%D7%92%D7%A8%D7%A1_%D7%94%D7%A6%D7%99%D7%95%D7%A0%D7%99_%D7%94%D7%A8%D7%90%D7%A9%D7%95%D7%9F_-_1897.8.25_(cropped).jpg,wiki,THEODOR HERZL AT THE FIRST ZIONIST CONGRESS IN BASEL ON 25.8.1897. תאודור הרצל בקונגרס הציוני הראשון - 1897.8.25
07-contemporanea_princesa-isabel-retrato.jpg,07,contemporanea,princesa-isabel-retrato,Retrato da Princesa Isabel,Miguel Navarro Cañizares,"1888 date QS:P571,+1888-00-00T00:00:00Z/9",Public domain,Museu Imperial: info ; file,750,897,750x897,Miguel Navarro Cañizares - Retrato da Princesa Isabel.jpg,https://commons.wikimedia.org/wiki/File:Miguel_Navarro_Ca%C3%B1izares_-_Retrato_da_Princesa_Isabel.jpg,search,
07-contemporanea_proclamacao-imperio-alemao.jpg,07,contemporanea,proclamacao-imperio-alemao,Proclamação do Império Alemão em Versalhes — Anton von Werner,Anton von Werner,"1885 date QS:P571,+1885-00-00T00:00:00Z/9",Public domain,Museen Nord / Bismarck Museum: Picture,1482,1097,1482x1097,A_v_Werner_-_Kaiserproklamation_am_18_Januar_1871_(3._Fassung_1885).jpg,https://commons.wikimedia.org/wiki/File:A_v_Werner_-_Kaiserproklamation_am_18_Januar_1871_(3._Fassung_1885).jpg,wiki,"The third version of the proclamation of Prussian king Wilhelm I as German Emperor at Versailles, by Anton von Werner. The first two versions were destroyed in the Second World War. This version was commissioned by the Prussian royal family for chancellor Bismarck's 70th birthday. Note that the subjects are portrayed as the age they were when the work was painted in 1885, not the age they were at "
07-contemporanea_republica-universal-sorrieu.png,07,contemporanea,republica-universal-sorrieu,República Universal Democrática e Social — Sorrieu (1848),Frédéric Sorrieu,1848,Public domain,https://www.histoire-image.org/,1400,957,1400x957,La République universelle démocratique et sociale.png,https://commons.wikimedia.org/wiki/File:La_R%C3%A9publique_universelle_d%C3%A9mocratique_et_sociale.png,search,La République universelle démocratique et sociale (The universal democratic and social republic) was a series of four gouache lithographs presenting forty-eight utopias and Frédéric Sorrieu's utopian vision. Top left: Le Pacte Top right: Le Prologue Bottom left: Le Triomphe Bottom right: Le Marché
07-contemporanea_respigadoras.jpg,07,contemporanea,respigadoras,As Respigadoras — Jean-François Millet,Jean-François Millet,"1857 date QS:P571,+1857-00-00T00:00:00Z/9",Public domain,Google Arts & Culture — CgHjAgexUzNOOw,2000,1496,5354x4006,Jean-François_Millet_-_Gleaners_-_Google_Art_Project_2.jpg,https://commons.wikimedia.org/wiki/File:Jean-Fran%C3%A7ois_Millet_-_Gleaners_-_Google_Art_Project_2.jpg,wiki,
07-contemporanea_revolucao-constitucionalista-1932.jpg,07,contemporanea,revolucao-constitucionalista-1932,Revolução Constitucionalista de 1932 — São Paulo,Unknown author,1932,Public domain,"Revista Mundo Ilustrado, 7 de julho de 1954",3367,2375,3367x2375,Schneider-Canet_150mm_na_Revolução_de_1932.jpg,https://commons.wikimedia.org/wiki/File:Schneider-Canet_150mm_na_Revolu%C3%A7%C3%A3o_de_1932.jpg,wiki,"Um dos dois canhões Schneider-Canet 150mm retirados do Forte Itaipu e utilizados pelos paulistas sob um vagão prancha na linha ferroviária nos combates da Revolução de 1932. Um foi utilizado na ""Frente sul"" de combate e outro na ""Frente norte""."
07-contemporanea_rhodes-colossus.png,07,contemporanea,rhodes-colossus,"O Colosso Rhodes — caricatura (Punch, 1892)",Edward Linley Sambourne,1892-12-10,Public domain,"Punch and Exploring History 1400-1900: An anthology of primary sources, p. 401 by Rachel C. Gibbons",2069,2681,2069x2681,Punch Rhodes Colossus.png,https://commons.wikimedia.org/wiki/File:Punch_Rhodes_Colossus.png,override,"The Rhodes Colossus : Caricature of Cecil John Rhodes , after he announced plans for a telegraph line and railroad from Cape Town to Cairo."
07-contemporanea_ruinas-guernica-bombardeio.jpg,07,contemporanea,ruinas-guernica-bombardeio,Ruínas de Guernica após o bombardeio (1937),Unknown author,"1937 date QS:P571,+1937-00-00T00:00:00Z/9",CC BY-SA 3.0 de,"This image was provided to Wikimedia Commons by the German Federal Archive (Deutsches Bundesarchiv) as part of a cooperation project . The German Federal Archive guarantees an authentic representation only using the originals (negative and/or positive), resp. the digitalization of the originals as provided by the Digital Image Archive .",798,584,798x584,"Bundesarchiv_Bild_183-H25224,_Guernica,_Ruinen.jpg","https://commons.wikimedia.org/wiki/File:Bundesarchiv_Bild_183-H25224,_Guernica,_Ruinen.jpg",wiki,"For documentary purposes the German Federal Archive often retained the original image captions , which may be erroneous, biased, obsolete or politically extreme . Die Ruinen von Guernica 5603/37"
07-contemporanea_suprematismo-malevich.jpg,07,contemporanea,suprematismo-malevich,Composição suprematista — Kazimir Malevich (1916),Kazimir Malevich,"1916 date QS:P571,+1916-00-00T00:00:00Z/9",Public domain,The original description page was here . All following user names refer to ro.wikipedia.,820,820,820x820,"Supremus_55_(Malevich,_1916).jpg","https://commons.wikimedia.org/wiki/File:Supremus_55_(Malevich,_1916).jpg",wiki,
07-contemporanea_theodor-herzl-retrato.jpg,07,contemporanea,theodor-herzl-retrato,Retrato de Theodor Herzl,Carl Pietzner,"2 January 1897 date QS:P571,+1897-01-02T00:00:00Z/11",Public domain,"Image , Date .",1567,2084,1567x2084,Theodor_Herzl_(3x4_cropped).jpg,https://commons.wikimedia.org/wiki/File:Theodor_Herzl_(3x4_cropped).jpg,wiki,Theodor Herzl (1860-1904)
07-contemporanea_torre-eiffel-1889.jpg,07,contemporanea,torre-eiffel-1889,Torre Eiffel na inauguração (1889),Benh LIEU SONG,2009-06-01,Public domain,This image has been extracted from another file,2900,4830,2900x4830,Tour_Eiffel_Wikimedia_Commons_(cropped).jpg,https://commons.wikimedia.org/wiki/File:Tour_Eiffel_Wikimedia_Commons_(cropped).jpg,wiki,"Eiffel Tower, Paris France"
07-contemporanea_trincheiras-somme-foto.jpg,07,contemporanea,trincheiras-somme-foto,Soldados britânicos nas trincheiras do Somme (1916),John Warwick Brooke,1916-07,Public domain,This photograph Q 3990 comes from the collections of the Imperial War Museums (collection no. 1900-13),1400,1069,1400x1069,Cheshire Regiment trench Somme 1916.jpg,https://commons.wikimedia.org/wiki/File:Cheshire_Regiment_trench_Somme_1916.jpg,search,"A German trench occupied by British Soldiers near the Albert - Bapaume road at Ovillers-la-Boisselle , July 1916 during the Battle of the Somme . The men are from A Company, 11th Battalion, The Cheshire Regiment ."
07-contemporanea_vagao-terceira-classe.jpg,07,contemporanea,vagao-terceira-classe,O Vagão de Terceira Classe — Honoré Daumier,Honoré Daumier,"circa 1862 date QS:P571,+1862-00-00T00:00:00Z/9,P1480,Q5727902 –64",Public domain,This file was donated to Wikimedia Commons as part of a project by the Metropolitan Museum of Art . See the Image and Data Resources Open Access Policy,3811,2756,3811x2756,"Honoré_Daumier,_The_Third-Class_Carriage_-_The_Metropolitan_Museum_of_Art.jpg","https://commons.wikimedia.org/wiki/File:Honor%C3%A9_Daumier,_The_Third-Class_Carriage_-_The_Metropolitan_Museum_of_Art.jpg",wiki,"Gallery Label: As a chronicler of modern urban life, Daumier captured the effects of industrialization in mid-nineteenth-century Paris. Images of railway travel first appeared in his art in the 1840s. This ""Third-Class Carriage"" in oil, unfinished and squared for transfer, closely corresponds to a watercolor of 1864 (Walters Art Museum, Baltimore). Daumier executed another oil version of the subje"
07-contemporanea_vargas-retrato-presidencial.jpg,07,contemporanea,vargas-retrato-presidencial,Getúlio Vargas — retrato presidencial (Era Vargas),Governo do Brasil,"circa 1930 date QS:P,+1930-00-00T00:00:00Z/9,P1480,Q5727902",Public domain,Galeria de Presidentes,1046,1574,1046x1574,Getulio_Vargas_(1930).jpg,https://commons.wikimedia.org/wiki/File:Getulio_Vargas_(1930).jpg,wiki,"Foto oficial de Getúlio Vargas , presidente do Brasil entre 1930 e 1945 e entre 1951 e 1954."
07-contemporanea_vargas-revolucao-1930.jpg,07,contemporanea,vargas-revolucao-1930,Getúlio Vargas chega ao Rio (Revolução de 1930),Unknown Unknown,"October 1930 date QS:P571,+1930-10-00T00:00:00Z/10",Public domain,Arquivo Nacional,2129,1392,2129x1392,Revolução_de_1930_(18).jpg,https://commons.wikimedia.org/wiki/File:Revolu%C3%A7%C3%A3o_de_1930_(18).jpg,wiki,Imagem do Fundo Correio da Manhã.
07-contemporanea_we-are-making-a-new-world.jpg,07,contemporanea,we-are-making-a-new-world,Estamos Construindo um Mundo Novo — Paul Nash (1918),Paul Nash,"1918 date QS:P571,+1918-00-00T00:00:00Z/9",Public domain,Google Arts & Culture: Home - pic Maximum resolution.,2000,1566,4950x3876,"Nash, Paul - We are Making a New World - Google Art Project.jpg","https://commons.wikimedia.org/wiki/File:Nash,_Paul_-_We_are_Making_a_New_World_-_Google_Art_Project.jpg",search,
07-contemporanea_white-mans-burden-judge.png,07,contemporanea,white-mans-burden-judge,"O Fardo do Homem Branco — Victor Gillam (Judge, 1899)",Victor Gillam,1899-04-01,Public domain,"“The White Man’s Burden (Apologies to Rudyard Kipling)” Judge, April 1, 1899",891,582,891x582,"""The_White_Man's_Burden""_Judge_1899_(cropped).png",https://commons.wikimedia.org/wiki/File:%22The_White_Man%27s_Burden%22_Judge_1899_(cropped).png,wiki,"This cartoon depicts a representation of Rudyard Kipling's famous poem The White Man's Burden . Originally published in February, 1899 the poem's philosophy quickly developed as the United States response to annexation of the Philippines. The United States used the ""white man's burden"" as an argument for imperial control of the Philippines and Cuba on the basis of moral necessity. It was now the U"
